decile,t,cases
1,2020-12-01,628
1,2020-12-02,581
1,2020-12-03,548
1,2020-12-04,576
1,2020-12-05,544
1,2020-12-06,500
1,2020-12-07,621
1,2020-12-08,559
1,2020-12-09,528
1,2020-12-10,559
1,2020-12-11,566
1,2020-12-12,563
1,2020-12-13,503
1,2020-12-14,633
1,2020-12-15,579
1,2020-12-16,622
1,2020-12-17,534
1,2020-12-18,566
1,2020-12-19,521
1,2020-12-20,461
1,2020-12-21,637
1,2020-12-22,623
1,2020-12-23,630
1,2020-12-24,661
1,2020-12-25,553
1,2020-12-26,688
1,2020-12-27,638
1,2020-12-28,790
1,2020-12-29,754
1,2020-12-30,680
1,2020-12-31,713
1,2021-01-01,766
1,2021-01-02,752
1,2021-01-03,708
1,2021-01-04,862
1,2021-01-05,752
1,2021-01-06,779
1,2021-01-07,697
1,2021-01-08,721
1,2021-01-09,658
1,2021-01-10,540
1,2021-01-11,712
1,2021-01-12,646
1,2021-01-13,694
1,2021-01-14,647
1,2021-01-15,643
1,2021-01-16,553
1,2021-01-17,491
1,2021-01-18,624
1,2021-01-19,559
1,2021-01-20,522
1,2021-01-21,502
1,2021-01-22,509
1,2021-01-23,426
1,2021-01-24,352
1,2021-01-25,442
1,2021-01-26,434
1,2021-01-27,445
1,2021-01-28,412
1,2021-01-29,419
1,2021-01-30,361
1,2021-01-31,262
1,2021-02-01,364
1,2021-02-02,354
1,2021-02-03,314
1,2021-02-04,304
1,2021-02-05,291
1,2021-02-06,292
1,2021-02-07,225
1,2021-02-08,317
1,2021-02-09,281
1,2021-02-10,247
1,2021-02-11,246
1,2021-02-12,301
1,2021-02-13,220
1,2021-02-14,215
1,2021-02-15,234
1,2021-02-16,280
1,2021-02-17,268
1,2021-02-18,257
1,2021-02-19,290
1,2021-02-20,252
1,2021-02-21,203
1,2021-02-22,270
1,2021-02-23,262
1,2021-02-24,231
1,2021-02-25,242
1,2021-02-26,245
1,2021-02-27,255
1,2021-02-28,220
1,2021-03-01,321
1,2021-03-02,297
1,2021-03-03,299
1,2021-03-04,299
1,2021-03-05,307
1,2021-03-06,278
1,2021-03-07,294
1,2021-03-08,364
1,2021-03-09,336
1,2021-03-10,400
1,2021-03-11,319
1,2021-03-12,359
1,2021-03-13,320
1,2021-03-14,293
1,2021-03-15,461
1,2021-03-16,454
1,2021-03-17,460
1,2021-03-18,442
1,2021-03-19,451
1,2021-03-20,475
1,2021-03-21,413
1,2021-03-22,587
1,2021-03-23,592
1,2021-03-24,618
1,2021-03-25,550
1,2021-03-26,591
1,2021-03-27,563
1,2021-03-28,565
1,2021-03-29,704
1,2021-03-30,679
1,2021-03-31,700
1,2021-04-01,851
1,2021-04-02,738
1,2021-04-03,767
1,2021-04-04,806
1,2021-04-05,1057
1,2021-04-06,1043
1,2021-04-07,1068
1,2021-04-08,991
1,2021-04-09,1052
1,2021-04-10,969
1,2021-04-11,914
1,2021-04-12,1064
1,2021-04-13,1024
1,2021-04-14,1046
1,2021-04-15,1003
1,2021-04-16,1022
1,2021-04-17,945
1,2021-04-18,894
1,2021-04-19,1079
1,2021-04-20,1006
1,2021-04-21,1000
1,2021-04-22,967
1,2021-04-23,1016
1,2021-04-24,888
1,2021-04-25,752
1,2021-04-26,966
1,2021-04-27,849
1,2021-04-28,922
1,2021-04-29,717
1,2021-04-30,780
2,2020-12-01,368
2,2020-12-02,388
2,2020-12-03,402
2,2020-12-04,377
2,2020-12-05,317
2,2020-12-06,293
2,2020-12-07,429
2,2020-12-08,418
2,2020-12-09,361
2,2020-12-10,391
2,2020-12-11,385
2,2020-12-12,369
2,2020-12-13,363
2,2020-12-14,421
2,2020-12-15,371
2,2020-12-16,468
2,2020-12-17,363
2,2020-12-18,377
2,2020-12-19,397
2,2020-12-20,388
2,2020-12-21,451
2,2020-12-22,443
2,2020-12-23,444
2,2020-12-24,489
2,2020-12-25,420
2,2020-12-26,522
2,2020-12-27,510
2,2020-12-28,582
2,2020-12-29,514
2,2020-12-30,549
2,2020-12-31,493
2,2021-01-01,579
2,2021-01-02,521
2,2021-01-03,477
2,2021-01-04,640
2,2021-01-05,515
2,2021-01-06,494
2,2021-01-07,438
2,2021-01-08,477
2,2021-01-09,384
2,2021-01-10,375
2,2021-01-11,457
2,2021-01-12,405
2,2021-01-13,417
2,2021-01-14,442
2,2021-01-15,467
2,2021-01-16,348
2,2021-01-17,336
2,2021-01-18,406
2,2021-01-19,308
2,2021-01-20,335
2,2021-01-21,358
2,2021-01-22,323
2,2021-01-23,282
2,2021-01-24,264
2,2021-01-25,304
2,2021-01-26,288
2,2021-01-27,286
2,2021-01-28,266
2,2021-01-29,246
2,2021-01-30,203
2,2021-01-31,190
2,2021-02-01,286
2,2021-02-02,227
2,2021-02-03,257
2,2021-02-04,239
2,2021-02-05,241
2,2021-02-06,195
2,2021-02-07,191
2,2021-02-08,241
2,2021-02-09,198
2,2021-02-10,200
2,2021-02-11,205
2,2021-02-12,195
2,2021-02-13,177
2,2021-02-14,162
2,2021-02-15,194
2,2021-02-16,174
2,2021-02-17,200
2,2021-02-18,191
2,2021-02-19,185
2,2021-02-20,171
2,2021-02-21,138
2,2021-02-22,222
2,2021-02-23,180
2,2021-02-24,150
2,2021-02-25,165
2,2021-02-26,181
2,2021-02-27,206
2,2021-02-28,139
2,2021-03-01,204
2,2021-03-02,197
2,2021-03-03,205
2,2021-03-04,193
2,2021-03-05,228
2,2021-03-06,187
2,2021-03-07,184
2,2021-03-08,243
2,2021-03-09,242
2,2021-03-10,233
2,2021-03-11,220
2,2021-03-12,220
2,2021-03-13,241
2,2021-03-14,201
2,2021-03-15,308
2,2021-03-16,294
2,2021-03-17,311
2,2021-03-18,347
2,2021-03-19,318
2,2021-03-20,313
2,2021-03-21,350
2,2021-03-22,389
2,2021-03-23,414
2,2021-03-24,455
2,2021-03-25,408
2,2021-03-26,500
2,2021-03-27,472
2,2021-03-28,396
2,2021-03-29,533
2,2021-03-30,499
2,2021-03-31,532
2,2021-04-01,668
2,2021-04-02,606
2,2021-04-03,594
2,2021-04-04,582
2,2021-04-05,793
2,2021-04-06,824
2,2021-04-07,809
2,2021-04-08,748
2,2021-04-09,794
2,2021-04-10,753
2,2021-04-11,641
2,2021-04-12,713
2,2021-04-13,682
2,2021-04-14,722
2,2021-04-15,721
2,2021-04-16,662
2,2021-04-17,669
2,2021-04-18,604
2,2021-04-19,744
2,2021-04-20,699
2,2021-04-21,646
2,2021-04-22,608
2,2021-04-23,671
2,2021-04-24,529
2,2021-04-25,491
2,2021-04-26,629
2,2021-04-27,581
2,2021-04-28,598
2,2021-04-29,527
2,2021-04-30,561
3,2020-12-01,222
3,2020-12-02,206
3,2020-12-03,204
3,2020-12-04,208
3,2020-12-05,193
3,2020-12-06,210
3,2020-12-07,293
3,2020-12-08,260
3,2020-12-09,288
3,2020-12-10,256
3,2020-12-11,291
3,2020-12-12,274
3,2020-12-13,280
3,2020-12-14,358
3,2020-12-15,356
3,2020-12-16,279
3,2020-12-17,317
3,2020-12-18,345
3,2020-12-19,310
3,2020-12-20,265
3,2020-12-21,374
3,2020-12-22,300
3,2020-12-23,359
3,2020-12-24,358
3,2020-12-25,300
3,2020-12-26,418
3,2020-12-27,434
3,2020-12-28,453
3,2020-12-29,445
3,2020-12-30,400
3,2020-12-31,454
3,2021-01-01,359
3,2021-01-02,388
3,2021-01-03,398
3,2021-01-04,508
3,2021-01-05,398
3,2021-01-06,409
3,2021-01-07,334
3,2021-01-08,334
3,2021-01-09,336
3,2021-01-10,330
3,2021-01-11,365
3,2021-01-12,310
3,2021-01-13,321
3,2021-01-14,309
3,2021-01-15,301
3,2021-01-16,285
3,2021-01-17,240
3,2021-01-18,291
3,2021-01-19,239
3,2021-01-20,236
3,2021-01-21,224
3,2021-01-22,242
3,2021-01-23,201
3,2021-01-24,179
3,2021-01-25,209
3,2021-01-26,197
3,2021-01-27,190
3,2021-01-28,180
3,2021-01-29,181
3,2021-01-30,149
3,2021-01-31,162
3,2021-02-01,217
3,2021-02-02,145
3,2021-02-03,162
3,2021-02-04,164
3,2021-02-05,144
3,2021-02-06,144
3,2021-02-07,117
3,2021-02-08,145
3,2021-02-09,135
3,2021-02-10,152
3,2021-02-11,123
3,2021-02-12,133
3,2021-02-13,143
3,2021-02-14,101
3,2021-02-15,145
3,2021-02-16,119
3,2021-02-17,130
3,2021-02-18,136
3,2021-02-19,143
3,2021-02-20,113
3,2021-02-21,107
3,2021-02-22,129
3,2021-02-23,122
3,2021-02-24,107
3,2021-02-25,119
3,2021-02-26,107
3,2021-02-27,106
3,2021-02-28,107
3,2021-03-01,158
3,2021-03-02,129
3,2021-03-03,120
3,2021-03-04,139
3,2021-03-05,144
3,2021-03-06,141
3,2021-03-07,132
3,2021-03-08,157
3,2021-03-09,182
3,2021-03-10,201
3,2021-03-11,149
3,2021-03-12,174
3,2021-03-13,164
3,2021-03-14,166
3,2021-03-15,234
3,2021-03-16,215
3,2021-03-17,274
3,2021-03-18,192
3,2021-03-19,263
3,2021-03-20,222
3,2021-03-21,265
3,2021-03-22,281
3,2021-03-23,345
3,2021-03-24,335
3,2021-03-25,287
3,2021-03-26,317
3,2021-03-27,290
3,2021-03-28,325
3,2021-03-29,402
3,2021-03-30,415
3,2021-03-31,378
3,2021-04-01,507
3,2021-04-02,436
3,2021-04-03,383
3,2021-04-04,445
3,2021-04-05,590
3,2021-04-06,583
3,2021-04-07,554
3,2021-04-08,514
3,2021-04-09,560
3,2021-04-10,510
3,2021-04-11,469
3,2021-04-12,563
3,2021-04-13,505
3,2021-04-14,544
3,2021-04-15,504
3,2021-04-16,520
3,2021-04-17,481
3,2021-04-18,465
3,2021-04-19,538
3,2021-04-20,547
3,2021-04-21,529
3,2021-04-22,455
3,2021-04-23,442
3,2021-04-24,422
3,2021-04-25,377
3,2021-04-26,455
3,2021-04-27,457
3,2021-04-28,476
3,2021-04-29,426
3,2021-04-30,426
4,2020-12-01,174
4,2020-12-02,170
4,2020-12-03,202
4,2020-12-04,203
4,2020-12-05,159
4,2020-12-06,154
4,2020-12-07,212
4,2020-12-08,224
4,2020-12-09,244
4,2020-12-10,198
4,2020-12-11,245
4,2020-12-12,175
4,2020-12-13,174
4,2020-12-14,261
4,2020-12-15,204
4,2020-12-16,243
4,2020-12-17,237
4,2020-12-18,215
4,2020-12-19,188
4,2020-12-20,276
4,2020-12-21,305
4,2020-12-22,243
4,2020-12-23,269
4,2020-12-24,248
4,2020-12-25,251
4,2020-12-26,309
4,2020-12-27,299
4,2020-12-28,322
4,2020-12-29,324
4,2020-12-30,333
4,2020-12-31,328
4,2021-01-01,307
4,2021-01-02,357
4,2021-01-03,339
4,2021-01-04,399
4,2021-01-05,387
4,2021-01-06,379
4,2021-01-07,298
4,2021-01-08,268
4,2021-01-09,249
4,2021-01-10,236
4,2021-01-11,279
4,2021-01-12,250
4,2021-01-13,245
4,2021-01-14,229
4,2021-01-15,255
4,2021-01-16,179
4,2021-01-17,207
4,2021-01-18,255
4,2021-01-19,223
4,2021-01-20,227
4,2021-01-21,188
4,2021-01-22,187
4,2021-01-23,186
4,2021-01-24,130
4,2021-01-25,164
4,2021-01-26,194
4,2021-01-27,165
4,2021-01-28,133
4,2021-01-29,139
4,2021-01-30,115
4,2021-01-31,106
4,2021-02-01,197
4,2021-02-02,144
4,2021-02-03,158
4,2021-02-04,164
4,2021-02-05,123
4,2021-02-06,84
4,2021-02-07,99
4,2021-02-08,114
4,2021-02-09,108
4,2021-02-10,121
4,2021-02-11,98
4,2021-02-12,100
4,2021-02-13,103
4,2021-02-14,113
4,2021-02-15,120
4,2021-02-16,119
4,2021-02-17,139
4,2021-02-18,157
4,2021-02-19,124
4,2021-02-20,110
4,2021-02-21,94
4,2021-02-22,156
4,2021-02-23,128
4,2021-02-24,133
4,2021-02-25,105
4,2021-02-26,117
4,2021-02-27,96
4,2021-02-28,99
4,2021-03-01,162
4,2021-03-02,133
4,2021-03-03,128
4,2021-03-04,131
4,2021-03-05,132
4,2021-03-06,125
4,2021-03-07,120
4,2021-03-08,129
4,2021-03-09,140
4,2021-03-10,178
4,2021-03-11,151
4,2021-03-12,179
4,2021-03-13,159
4,2021-03-14,145
4,2021-03-15,191
4,2021-03-16,189
4,2021-03-17,192
4,2021-03-18,174
4,2021-03-19,228
4,2021-03-20,220
4,2021-03-21,213
4,2021-03-22,241
4,2021-03-23,269
4,2021-03-24,287
4,2021-03-25,266
4,2021-03-26,275
4,2021-03-27,249
4,2021-03-28,248
4,2021-03-29,340
4,2021-03-30,331
4,2021-03-31,338
4,2021-04-01,410
4,2021-04-02,373
4,2021-04-03,349
4,2021-04-04,353
4,2021-04-05,489
4,2021-04-06,551
4,2021-04-07,497
4,2021-04-08,534
4,2021-04-09,468
4,2021-04-10,488
4,2021-04-11,380
4,2021-04-12,470
4,2021-04-13,466
4,2021-04-14,432
4,2021-04-15,442
4,2021-04-16,439
4,2021-04-17,398
4,2021-04-18,348
4,2021-04-19,430
4,2021-04-20,393
4,2021-04-21,373
4,2021-04-22,348
4,2021-04-23,414
4,2021-04-24,351
4,2021-04-25,321
4,2021-04-26,409
4,2021-04-27,362
4,2021-04-28,371
4,2021-04-29,320
4,2021-04-30,333
5,2020-12-01,159
5,2020-12-02,141
5,2020-12-03,186
5,2020-12-04,160
5,2020-12-05,123
5,2020-12-06,140
5,2020-12-07,163
5,2020-12-08,209
5,2020-12-09,221
5,2020-12-10,178
5,2020-12-11,190
5,2020-12-12,173
5,2020-12-13,169
5,2020-12-14,270
5,2020-12-15,222
5,2020-12-16,208
5,2020-12-17,203
5,2020-12-18,224
5,2020-12-19,191
5,2020-12-20,216
5,2020-12-21,278
5,2020-12-22,264
5,2020-12-23,301
5,2020-12-24,301
5,2020-12-25,240
5,2020-12-26,291
5,2020-12-27,338
5,2020-12-28,404
5,2020-12-29,336
5,2020-12-30,323
5,2020-12-31,292
5,2021-01-01,307
5,2021-01-02,351
5,2021-01-03,330
5,2021-01-04,362
5,2021-01-05,308
5,2021-01-06,334
5,2021-01-07,324
5,2021-01-08,274
5,2021-01-09,240
5,2021-01-10,248
5,2021-01-11,312
5,2021-01-12,252
5,2021-01-13,265
5,2021-01-14,275
5,2021-01-15,218
5,2021-01-16,200
5,2021-01-17,207
5,2021-01-18,209
5,2021-01-19,210
5,2021-01-20,177
5,2021-01-21,170
5,2021-01-22,158
5,2021-01-23,144
5,2021-01-24,163
5,2021-01-25,168
5,2021-01-26,133
5,2021-01-27,135
5,2021-01-28,124
5,2021-01-29,96
5,2021-01-30,86
5,2021-01-31,89
5,2021-02-01,114
5,2021-02-02,118
5,2021-02-03,98
5,2021-02-04,86
5,2021-02-05,123
5,2021-02-06,86
5,2021-02-07,69
5,2021-02-08,116
5,2021-02-09,96
5,2021-02-10,93
5,2021-02-11,83
5,2021-02-12,95
5,2021-02-13,82
5,2021-02-14,66
5,2021-02-15,83
5,2021-02-16,76
5,2021-02-17,75
5,2021-02-18,99
5,2021-02-19,75
5,2021-02-20,84
5,2021-02-21,80
5,2021-02-22,86
5,2021-02-23,118
5,2021-02-24,101
5,2021-02-25,101
5,2021-02-26,107
5,2021-02-27,86
5,2021-02-28,91
5,2021-03-01,129
5,2021-03-02,88
5,2021-03-03,118
5,2021-03-04,90
5,2021-03-05,110
5,2021-03-06,87
5,2021-03-07,83
5,2021-03-08,114
5,2021-03-09,125
5,2021-03-10,125
5,2021-03-11,119
5,2021-03-12,131
5,2021-03-13,117
5,2021-03-14,120
5,2021-03-15,146
5,2021-03-16,138
5,2021-03-17,182
5,2021-03-18,132
5,2021-03-19,169
5,2021-03-20,155
5,2021-03-21,127
5,2021-03-22,193
5,2021-03-23,202
5,2021-03-24,227
5,2021-03-25,195
5,2021-03-26,201
5,2021-03-27,206
5,2021-03-28,170
5,2021-03-29,223
5,2021-03-30,222
5,2021-03-31,250
5,2021-04-01,292
5,2021-04-02,265
5,2021-04-03,268
5,2021-04-04,257
5,2021-04-05,378
5,2021-04-06,392
5,2021-04-07,406
5,2021-04-08,388
5,2021-04-09,367
5,2021-04-10,419
5,2021-04-11,354
5,2021-04-12,377
5,2021-04-13,348
5,2021-04-14,340
5,2021-04-15,329
5,2021-04-16,310
5,2021-04-17,308
5,2021-04-18,281
5,2021-04-19,321
5,2021-04-20,294
5,2021-04-21,287
5,2021-04-22,242
5,2021-04-23,282
5,2021-04-24,238
5,2021-04-25,235
5,2021-04-26,263
5,2021-04-27,250
5,2021-04-28,266
5,2021-04-29,236
5,2021-04-30,242
6,2020-12-01,141
6,2020-12-02,136
6,2020-12-03,132
6,2020-12-04,130
6,2020-12-05,126
6,2020-12-06,132
6,2020-12-07,146
6,2020-12-08,165
6,2020-12-09,193
6,2020-12-10,160
6,2020-12-11,177
6,2020-12-12,158
6,2020-12-13,161
6,2020-12-14,222
6,2020-12-15,207
6,2020-12-16,229
6,2020-12-17,199
6,2020-12-18,167
6,2020-12-19,170
6,2020-12-20,185
6,2020-12-21,219
6,2020-12-22,266
6,2020-12-23,250
6,2020-12-24,239
6,2020-12-25,213
6,2020-12-26,269
6,2020-12-27,279
6,2020-12-28,306
6,2020-12-29,300
6,2020-12-30,289
6,2020-12-31,352
6,2021-01-01,252
6,2021-01-02,267
6,2021-01-03,289
6,2021-01-04,383
6,2021-01-05,338
6,2021-01-06,297
6,2021-01-07,279
6,2021-01-08,284
6,2021-01-09,244
6,2021-01-10,186
6,2021-01-11,249
6,2021-01-12,206
6,2021-01-13,244
6,2021-01-14,174
6,2021-01-15,217
6,2021-01-16,172
6,2021-01-17,130
6,2021-01-18,195
6,2021-01-19,170
6,2021-01-20,161
6,2021-01-21,158
6,2021-01-22,148
6,2021-01-23,141
6,2021-01-24,111
6,2021-01-25,187
6,2021-01-26,161
6,2021-01-27,135
6,2021-01-28,137
6,2021-01-29,117
6,2021-01-30,105
6,2021-01-31,75
6,2021-02-01,159
6,2021-02-02,120
6,2021-02-03,110
6,2021-02-04,72
6,2021-02-05,96
6,2021-02-06,69
6,2021-02-07,71
6,2021-02-08,123
6,2021-02-09,88
6,2021-02-10,90
6,2021-02-11,96
6,2021-02-12,79
6,2021-02-13,88
6,2021-02-14,63
6,2021-02-15,75
6,2021-02-16,70
6,2021-02-17,84
6,2021-02-18,67
6,2021-02-19,85
6,2021-02-20,55
6,2021-02-21,82
6,2021-02-22,84
6,2021-02-23,96
6,2021-02-24,90
6,2021-02-25,62
6,2021-02-26,85
6,2021-02-27,81
6,2021-02-28,80
6,2021-03-01,91
6,2021-03-02,84
6,2021-03-03,97
6,2021-03-04,62
6,2021-03-05,78
6,2021-03-06,88
6,2021-03-07,77
6,2021-03-08,135
6,2021-03-09,130
6,2021-03-10,122
6,2021-03-11,109
6,2021-03-12,103
6,2021-03-13,100
6,2021-03-14,107
6,2021-03-15,143
6,2021-03-16,144
6,2021-03-17,136
6,2021-03-18,120
6,2021-03-19,144
6,2021-03-20,142
6,2021-03-21,124
6,2021-03-22,201
6,2021-03-23,177
6,2021-03-24,218
6,2021-03-25,186
6,2021-03-26,184
6,2021-03-27,194
6,2021-03-28,181
6,2021-03-29,258
6,2021-03-30,266
6,2021-03-31,244
6,2021-04-01,271
6,2021-04-02,259
6,2021-04-03,284
6,2021-04-04,271
6,2021-04-05,347
6,2021-04-06,348
6,2021-04-07,394
6,2021-04-08,348
6,2021-04-09,348
6,2021-04-10,356
6,2021-04-11,331
6,2021-04-12,320
6,2021-04-13,338
6,2021-04-14,365
6,2021-04-15,302
6,2021-04-16,294
6,2021-04-17,296
6,2021-04-18,302
6,2021-04-19,338
6,2021-04-20,301
6,2021-04-21,307
6,2021-04-22,246
6,2021-04-23,270
6,2021-04-24,256
6,2021-04-25,224
6,2021-04-26,262
6,2021-04-27,230
6,2021-04-28,275
6,2021-04-29,230
6,2021-04-30,251
7,2020-12-01,131
7,2020-12-02,126
7,2020-12-03,139
7,2020-12-04,109
7,2020-12-05,101
7,2020-12-06,114
7,2020-12-07,156
7,2020-12-08,121
7,2020-12-09,136
7,2020-12-10,138
7,2020-12-11,128
7,2020-12-12,113
7,2020-12-13,108
7,2020-12-14,141
7,2020-12-15,147
7,2020-12-16,147
7,2020-12-17,150
7,2020-12-18,161
7,2020-12-19,114
7,2020-12-20,124
7,2020-12-21,164
7,2020-12-22,140
7,2020-12-23,205
7,2020-12-24,147
7,2020-12-25,147
7,2020-12-26,223
7,2020-12-27,239
7,2020-12-28,259
7,2020-12-29,244
7,2020-12-30,208
7,2020-12-31,243
7,2021-01-01,185
7,2021-01-02,217
7,2021-01-03,191
7,2021-01-04,258
7,2021-01-05,227
7,2021-01-06,229
7,2021-01-07,169
7,2021-01-08,216
7,2021-01-09,180
7,2021-01-10,163
7,2021-01-11,231
7,2021-01-12,202
7,2021-01-13,193
7,2021-01-14,185
7,2021-01-15,177
7,2021-01-16,145
7,2021-01-17,120
7,2021-01-18,161
7,2021-01-19,128
7,2021-01-20,157
7,2021-01-21,124
7,2021-01-22,104
7,2021-01-23,107
7,2021-01-24,77
7,2021-01-25,133
7,2021-01-26,91
7,2021-01-27,124
7,2021-01-28,93
7,2021-01-29,80
7,2021-01-30,71
7,2021-01-31,59
7,2021-02-01,92
7,2021-02-02,59
7,2021-02-03,95
7,2021-02-04,53
7,2021-02-05,75
7,2021-02-06,53
7,2021-02-07,61
7,2021-02-08,71
7,2021-02-09,79
7,2021-02-10,77
7,2021-02-11,70
7,2021-02-12,69
7,2021-02-13,55
7,2021-02-14,59
7,2021-02-15,66
7,2021-02-16,60
7,2021-02-17,76
7,2021-02-18,85
7,2021-02-19,64
7,2021-02-20,61
7,2021-02-21,50
7,2021-02-22,61
7,2021-02-23,65
7,2021-02-24,74
7,2021-02-25,64
7,2021-02-26,80
7,2021-02-27,70
7,2021-02-28,71
7,2021-03-01,111
7,2021-03-02,86
7,2021-03-03,115
7,2021-03-04,95
7,2021-03-05,100
7,2021-03-06,78
7,2021-03-07,97
7,2021-03-08,96
7,2021-03-09,80
7,2021-03-10,97
7,2021-03-11,92
7,2021-03-12,108
7,2021-03-13,77
7,2021-03-14,75
7,2021-03-15,140
7,2021-03-16,117
7,2021-03-17,108
7,2021-03-18,114
7,2021-03-19,114
7,2021-03-20,154
7,2021-03-21,122
7,2021-03-22,160
7,2021-03-23,175
7,2021-03-24,173
7,2021-03-25,178
7,2021-03-26,166
7,2021-03-27,173
7,2021-03-28,185
7,2021-03-29,253
7,2021-03-30,232
7,2021-03-31,223
7,2021-04-01,303
7,2021-04-02,230
7,2021-04-03,275
7,2021-04-04,252
7,2021-04-05,356
7,2021-04-06,312
7,2021-04-07,338
7,2021-04-08,331
7,2021-04-09,360
7,2021-04-10,345
7,2021-04-11,267
7,2021-04-12,385
7,2021-04-13,299
7,2021-04-14,313
7,2021-04-15,316
7,2021-04-16,288
7,2021-04-17,293
7,2021-04-18,226
7,2021-04-19,316
7,2021-04-20,294
7,2021-04-21,264
7,2021-04-22,218
7,2021-04-23,254
7,2021-04-24,220
7,2021-04-25,177
7,2021-04-26,228
7,2021-04-27,207
7,2021-04-28,236
7,2021-04-29,195
7,2021-04-30,204
8,2020-12-01,100
8,2020-12-02,96
8,2020-12-03,87
8,2020-12-04,81
8,2020-12-05,63
8,2020-12-06,104
8,2020-12-07,114
8,2020-12-08,107
8,2020-12-09,128
8,2020-12-10,120
8,2020-12-11,127
8,2020-12-12,103
8,2020-12-13,99
8,2020-12-14,147
8,2020-12-15,131
8,2020-12-16,163
8,2020-12-17,129
8,2020-12-18,134
8,2020-12-19,113
8,2020-12-20,117
8,2020-12-21,147
8,2020-12-22,149
8,2020-12-23,149
8,2020-12-24,148
8,2020-12-25,143
8,2020-12-26,206
8,2020-12-27,206
8,2020-12-28,256
8,2020-12-29,180
8,2020-12-30,186
8,2020-12-31,195
8,2021-01-01,187
8,2021-01-02,196
8,2021-01-03,171
8,2021-01-04,221
8,2021-01-05,180
8,2021-01-06,190
8,2021-01-07,194
8,2021-01-08,158
8,2021-01-09,135
8,2021-01-10,129
8,2021-01-11,154
8,2021-01-12,132
8,2021-01-13,172
8,2021-01-14,121
8,2021-01-15,121
8,2021-01-16,103
8,2021-01-17,112
8,2021-01-18,133
8,2021-01-19,111
8,2021-01-20,110
8,2021-01-21,118
8,2021-01-22,110
8,2021-01-23,93
8,2021-01-24,84
8,2021-01-25,90
8,2021-01-26,85
8,2021-01-27,76
8,2021-01-28,79
8,2021-01-29,62
8,2021-01-30,56
8,2021-01-31,55
8,2021-02-01,58
8,2021-02-02,80
8,2021-02-03,72
8,2021-02-04,68
8,2021-02-05,68
8,2021-02-06,52
8,2021-02-07,61
8,2021-02-08,69
8,2021-02-09,50
8,2021-02-10,52
8,2021-02-11,45
8,2021-02-12,46
8,2021-02-13,36
8,2021-02-14,34
8,2021-02-15,49
8,2021-02-16,45
8,2021-02-17,52
8,2021-02-18,69
8,2021-02-19,47
8,2021-02-20,44
8,2021-02-21,49
8,2021-02-22,47
8,2021-02-23,66
8,2021-02-24,86
8,2021-02-25,76
8,2021-02-26,65
8,2021-02-27,54
8,2021-02-28,79
8,2021-03-01,81
8,2021-03-02,62
8,2021-03-03,74
8,2021-03-04,42
8,2021-03-05,72
8,2021-03-06,69
8,2021-03-07,66
8,2021-03-08,87
8,2021-03-09,62
8,2021-03-10,91
8,2021-03-11,77
8,2021-03-12,64
8,2021-03-13,61
8,2021-03-14,71
8,2021-03-15,90
8,2021-03-16,105
8,2021-03-17,134
8,2021-03-18,101
8,2021-03-19,100
8,2021-03-20,97
8,2021-03-21,82
8,2021-03-22,146
8,2021-03-23,132
8,2021-03-24,139
8,2021-03-25,143
8,2021-03-26,133
8,2021-03-27,129
8,2021-03-28,147
8,2021-03-29,179
8,2021-03-30,174
8,2021-03-31,173
8,2021-04-01,234
8,2021-04-02,204
8,2021-04-03,204
8,2021-04-04,222
8,2021-04-05,316
8,2021-04-06,278
8,2021-04-07,293
8,2021-04-08,271
8,2021-04-09,282
8,2021-04-10,261
8,2021-04-11,252
8,2021-04-12,263
8,2021-04-13,212
8,2021-04-14,211
8,2021-04-15,213
8,2021-04-16,246
8,2021-04-17,181
8,2021-04-18,172
8,2021-04-19,247
8,2021-04-20,186
8,2021-04-21,217
8,2021-04-22,206
8,2021-04-23,196
8,2021-04-24,180
8,2021-04-25,155
8,2021-04-26,198
8,2021-04-27,166
8,2021-04-28,191
8,2021-04-29,182
8,2021-04-30,189
9,2020-12-01,64
9,2020-12-02,73
9,2020-12-03,63
9,2020-12-04,61
9,2020-12-05,54
9,2020-12-06,81
9,2020-12-07,83
9,2020-12-08,73
9,2020-12-09,70
9,2020-12-10,66
9,2020-12-11,65
9,2020-12-12,54
9,2020-12-13,50
9,2020-12-14,84
9,2020-12-15,86
9,2020-12-16,83
9,2020-12-17,53
9,2020-12-18,66
9,2020-12-19,64
9,2020-12-20,67
9,2020-12-21,98
9,2020-12-22,76
9,2020-12-23,93
9,2020-12-24,108
9,2020-12-25,84
9,2020-12-26,144
9,2020-12-27,161
9,2020-12-28,179
9,2020-12-29,150
9,2020-12-30,122
9,2020-12-31,118
9,2021-01-01,132
9,2021-01-02,114
9,2021-01-03,120
9,2021-01-04,134
9,2021-01-05,125
9,2021-01-06,128
9,2021-01-07,128
9,2021-01-08,103
9,2021-01-09,79
9,2021-01-10,74
9,2021-01-11,108
9,2021-01-12,90
9,2021-01-13,72
9,2021-01-14,76
9,2021-01-15,75
9,2021-01-16,70
9,2021-01-17,67
9,2021-01-18,83
9,2021-01-19,71
9,2021-01-20,67
9,2021-01-21,51
9,2021-01-22,66
9,2021-01-23,32
9,2021-01-24,31
9,2021-01-25,77
9,2021-01-26,79
9,2021-01-27,48
9,2021-01-28,42
9,2021-01-29,53
9,2021-01-30,34
9,2021-01-31,31
9,2021-02-01,76
9,2021-02-02,50
9,2021-02-03,59
9,2021-02-04,44
9,2021-02-05,49
9,2021-02-06,46
9,2021-02-07,27
9,2021-02-08,50
9,2021-02-09,41
9,2021-02-10,67
9,2021-02-11,37
9,2021-02-12,53
9,2021-02-13,31
9,2021-02-14,43
9,2021-02-15,40
9,2021-02-16,53
9,2021-02-17,54
9,2021-02-18,38
9,2021-02-19,43
9,2021-02-20,50
9,2021-02-21,49
9,2021-02-22,68
9,2021-02-23,54
9,2021-02-24,73
9,2021-02-25,65
9,2021-02-26,68
9,2021-02-27,61
9,2021-02-28,71
9,2021-03-01,80
9,2021-03-02,94
9,2021-03-03,73
9,2021-03-04,73
9,2021-03-05,73
9,2021-03-06,68
9,2021-03-07,72
9,2021-03-08,99
9,2021-03-09,73
9,2021-03-10,92
9,2021-03-11,82
9,2021-03-12,97
9,2021-03-13,72
9,2021-03-14,54
9,2021-03-15,118
9,2021-03-16,104
9,2021-03-17,104
9,2021-03-18,98
9,2021-03-19,92
9,2021-03-20,67
9,2021-03-21,80
9,2021-03-22,117
9,2021-03-23,100
9,2021-03-24,107
9,2021-03-25,104
9,2021-03-26,128
9,2021-03-27,89
9,2021-03-28,97
9,2021-03-29,137
9,2021-03-30,142
9,2021-03-31,160
9,2021-04-01,178
9,2021-04-02,167
9,2021-04-03,164
9,2021-04-04,168
9,2021-04-05,225
9,2021-04-06,240
9,2021-04-07,237
9,2021-04-08,211
9,2021-04-09,173
9,2021-04-10,179
9,2021-04-11,148
9,2021-04-12,216
9,2021-04-13,158
9,2021-04-14,180
9,2021-04-15,137
9,2021-04-16,134
9,2021-04-17,112
9,2021-04-18,113
9,2021-04-19,152
9,2021-04-20,122
9,2021-04-21,131
9,2021-04-22,124
9,2021-04-23,124
9,2021-04-24,93
9,2021-04-25,125
9,2021-04-26,128
9,2021-04-27,122
9,2021-04-28,114
9,2021-04-29,93
9,2021-04-30,104
10,2020-12-01,18
10,2020-12-02,35
10,2020-12-03,19
10,2020-12-04,18
10,2020-12-05,42
10,2020-12-06,29
10,2020-12-07,38
10,2020-12-08,43
10,2020-12-09,36
10,2020-12-10,25
10,2020-12-11,17
10,2020-12-12,18
10,2020-12-13,37
10,2020-12-14,27
10,2020-12-15,31
10,2020-12-16,40
10,2020-12-17,20
10,2020-12-18,42
10,2020-12-19,28
10,2020-12-20,20
10,2020-12-21,48
10,2020-12-22,22
10,2020-12-23,34
10,2020-12-24,23
10,2020-12-25,29
10,2020-12-26,39
10,2020-12-27,37
10,2020-12-28,52
10,2020-12-29,42
10,2020-12-30,37
10,2020-12-31,56
10,2021-01-01,48
10,2021-01-02,40
10,2021-01-03,48
10,2021-01-04,61
10,2021-01-05,47
10,2021-01-06,37
10,2021-01-07,45
10,2021-01-08,28
10,2021-01-09,33
10,2021-01-10,18
10,2021-01-11,47
10,2021-01-12,25
10,2021-01-13,34
10,2021-01-14,35
10,2021-01-15,28
10,2021-01-16,26
10,2021-01-17,49
10,2021-01-18,57
10,2021-01-19,76
10,2021-01-20,44
10,2021-01-21,47
10,2021-01-22,51
10,2021-01-23,27
10,2021-01-24,28
10,2021-01-25,68
10,2021-01-26,37
10,2021-01-27,64
10,2021-01-28,33
10,2021-01-29,21
10,2021-01-30,46
10,2021-01-31,21
10,2021-02-01,37
10,2021-02-02,41
10,2021-02-03,25
10,2021-02-04,27
10,2021-02-05,22
10,2021-02-06,26
10,2021-02-07,33
10,2021-02-08,35
10,2021-02-09,42
10,2021-02-10,39
10,2021-02-11,37
10,2021-02-12,53
10,2021-02-13,32
10,2021-02-14,24
10,2021-02-15,42
10,2021-02-16,60
10,2021-02-17,55
10,2021-02-18,49
10,2021-02-19,47
10,2021-02-20,31
10,2021-02-21,56
10,2021-02-22,43
10,2021-02-23,68
10,2021-02-24,72
10,2021-02-25,50
10,2021-02-26,63
10,2021-02-27,64
10,2021-02-28,76
10,2021-03-01,93
10,2021-03-02,77
10,2021-03-03,80
10,2021-03-04,64
10,2021-03-05,104
10,2021-03-06,61
10,2021-03-07,60
10,2021-03-08,69
10,2021-03-09,86
10,2021-03-10,92
10,2021-03-11,80
10,2021-03-12,58
10,2021-03-13,57
10,2021-03-14,66
10,2021-03-15,80
10,2021-03-16,69
10,2021-03-17,90
10,2021-03-18,77
10,2021-03-19,80
10,2021-03-20,54
10,2021-03-21,53
10,2021-03-22,80
10,2021-03-23,72
10,2021-03-24,79
10,2021-03-25,64
10,2021-03-26,65
10,2021-03-27,63
10,2021-03-28,69
10,2021-03-29,89
10,2021-03-30,78
10,2021-03-31,71
10,2021-04-01,69
10,2021-04-02,77
10,2021-04-03,80
10,2021-04-04,94
10,2021-04-05,104
10,2021-04-06,103
10,2021-04-07,109
10,2021-04-08,98
10,2021-04-09,101
10,2021-04-10,114
10,2021-04-11,86
10,2021-04-12,115
10,2021-04-13,99
10,2021-04-14,89
10,2021-04-15,73
10,2021-04-16,80
10,2021-04-17,79
10,2021-04-18,48
10,2021-04-19,71
10,2021-04-20,73
10,2021-04-21,60
10,2021-04-22,63
10,2021-04-23,70
10,2021-04-24,54
10,2021-04-25,54
10,2021-04-26,63
10,2021-04-27,63
10,2021-04-28,69
10,2021-04-29,63
10,2021-04-30,70
