"month","index.decile","index.age","other.decile","other.age","contact.type","n.contact.pp"
"REF","1-2","12-15","1-2","12-15","home",1.14073868473602
"REF","3-10","12-15","1-2","12-15","home",0
"REF","1-2","16-59","1-2","12-15","home",0.179280512969427
"REF","3-10","16-59","1-2","12-15","home",0
"REF","1-2","60+","1-2","12-15","home",0.166361907223304
"REF","3-10","60+","1-2","12-15","home",0
"REF","1-2","12-15","3-10","12-15","home",0
"REF","3-10","12-15","3-10","12-15","home",0.954919875538448
"REF","1-2","16-59","3-10","12-15","home",0
"REF","3-10","16-59","3-10","12-15","home",0.135780726398448
"REF","1-2","60+","3-10","12-15","home",0
"REF","3-10","60+","3-10","12-15","home",0.125996630831058
"REF","1-2","12-15","1-2","16-59","home",2.23646830464668
"REF","3-10","12-15","1-2","16-59","home",0
"REF","1-2","16-59","1-2","16-59","home",3.02439961806142
"REF","3-10","16-59","1-2","16-59","home",0
"REF","1-2","60+","1-2","16-59","home",1.96867950700917
"REF","3-10","60+","1-2","16-59","home",0
"REF","1-2","12-15","3-10","16-59","home",0
"REF","3-10","12-15","3-10","16-59","home",1.81040012756372
"REF","1-2","16-59","3-10","16-59","home",0
"REF","3-10","16-59","3-10","16-59","home",2.48745225213448
"REF","1-2","60+","3-10","16-59","home",0
"REF","3-10","60+","3-10","16-59","home",1.59362760617551
"REF","1-2","12-15","1-2","60+","home",0.664528502333971
"REF","3-10","12-15","1-2","60+","home",0
"REF","1-2","16-59","1-2","60+","home",0.63038385450581
"REF","3-10","16-59","1-2","60+","home",0
"REF","1-2","60+","1-2","60+","home",1.42274736317266
"REF","3-10","60+","1-2","60+","home",0
"REF","1-2","12-15","3-10","60+","home",0
"REF","3-10","12-15","3-10","60+","home",0.68204262218558
"REF","1-2","16-59","3-10","60+","home",0
"REF","3-10","16-59","3-10","60+","home",0.646998067954228
"REF","1-2","60+","3-10","60+","home",0
"REF","3-10","60+","3-10","60+","home",1.31496030842722
"REF","1-2","12-15","1-2","12-15","other",1.75829424361585
"REF","3-10","12-15","1-2","12-15","other",0.420885883912334
"REF","1-2","16-59","1-2","12-15","other",0.387650177045564
"REF","3-10","16-59","1-2","12-15","other",0.0927924822634189
"REF","1-2","60+","1-2","12-15","other",0.252890735474835
"REF","3-10","60+","1-2","12-15","other",0.0605348855119273
"REF","1-2","12-15","3-10","12-15","other",1.62914211957802
"REF","3-10","12-15","3-10","12-15","other",2.05643243627283
"REF","1-2","16-59","3-10","12-15","other",0.330299665602516
"REF","3-10","16-59","3-10","12-15","other",0.416930443251334
"REF","1-2","60+","3-10","12-15","other",0.215477072648142
"REF","3-10","60+","3-10","12-15","other",0.271992256624935
"REF","1-2","12-15","1-2","16-59","other",4.83581466771532
"REF","3-10","12-15","1-2","16-59","other",1.15755718262038
"REF","1-2","16-59","1-2","16-59","other",6.42005650573465
"REF","3-10","16-59","1-2","16-59","other",1.53677984614594
"REF","1-2","60+","1-2","16-59","other",3.25692157116687
"REF","3-10","60+","1-2","16-59","other",0.779614856438788
"REF","1-2","12-15","3-10","16-59","other",4.40397229122412
"REF","3-10","12-15","3-10","16-59","other",5.55904322850964
"REF","1-2","16-59","3-10","16-59","other",5.89824066405731
"REF","3-10","16-59","3-10","16-59","other",7.44522732102252
"REF","1-2","60+","3-10","16-59","other",2.96607569555298
"REF","3-10","60+","3-10","16-59","other",3.74401606555696
"REF","1-2","12-15","1-2","60+","other",1.0101657555155
"REF","3-10","12-15","1-2","60+","other",0.241805095166428
"REF","1-2","16-59","1-2","60+","other",1.04288725846209
"REF","3-10","16-59","1-2","60+","other",0.249637696985276
"REF","1-2","60+","1-2","60+","other",1.61166729862026
"REF","3-10","60+","1-2","60+","other",0.385787542679685
"REF","1-2","12-15","3-10","60+","other",1.16641648812712
"REF","3-10","12-15","3-10","60+","other",1.47234343251118
"REF","1-2","16-59","3-10","60+","other",1.20419929787375
"REF","3-10","16-59","3-10","60+","other",1.52003589258742
"REF","1-2","60+","3-10","60+","other",1.66733187652065
"REF","3-10","60+","3-10","60+","other",2.10463857738625
"2020-03","1-2","12-15","1-2","12-15","home",1.14073868473602
"2020-03","3-10","12-15","1-2","12-15","home",0
"2020-03","1-2","16-59","1-2","12-15","home",0.179280512969427
"2020-03","3-10","16-59","1-2","12-15","home",0
"2020-03","1-2","60+","1-2","12-15","home",0.166361907223304
"2020-03","3-10","60+","1-2","12-15","home",0
"2020-03","1-2","12-15","3-10","12-15","home",0
"2020-03","3-10","12-15","3-10","12-15","home",0.954919875538448
"2020-03","1-2","16-59","3-10","12-15","home",0
"2020-03","3-10","16-59","3-10","12-15","home",0.135780726398448
"2020-03","1-2","60+","3-10","12-15","home",0
"2020-03","3-10","60+","3-10","12-15","home",0.125996630831058
"2020-03","1-2","12-15","1-2","16-59","home",2.23646830464668
"2020-03","3-10","12-15","1-2","16-59","home",0
"2020-03","1-2","16-59","1-2","16-59","home",3.02439961806142
"2020-03","3-10","16-59","1-2","16-59","home",0
"2020-03","1-2","60+","1-2","16-59","home",1.96867950700917
"2020-03","3-10","60+","1-2","16-59","home",0
"2020-03","1-2","12-15","3-10","16-59","home",0
"2020-03","3-10","12-15","3-10","16-59","home",1.81040012756372
"2020-03","1-2","16-59","3-10","16-59","home",0
"2020-03","3-10","16-59","3-10","16-59","home",2.48745225213448
"2020-03","1-2","60+","3-10","16-59","home",0
"2020-03","3-10","60+","3-10","16-59","home",1.59362760617551
"2020-03","1-2","12-15","1-2","60+","home",0.664528502333971
"2020-03","3-10","12-15","1-2","60+","home",0
"2020-03","1-2","16-59","1-2","60+","home",0.63038385450581
"2020-03","3-10","16-59","1-2","60+","home",0
"2020-03","1-2","60+","1-2","60+","home",1.42274736317266
"2020-03","3-10","60+","1-2","60+","home",0
"2020-03","1-2","12-15","3-10","60+","home",0
"2020-03","3-10","12-15","3-10","60+","home",0.68204262218558
"2020-03","1-2","16-59","3-10","60+","home",0
"2020-03","3-10","16-59","3-10","60+","home",0.646998067954228
"2020-03","1-2","60+","3-10","60+","home",0
"2020-03","3-10","60+","3-10","60+","home",1.31496030842722
"2020-03","1-2","12-15","1-2","12-15","other",1.54083752280587
"2020-03","3-10","12-15","1-2","12-15","other",0.388373654749567
"2020-03","1-2","16-59","1-2","12-15","other",0.3397076118988
"2020-03","3-10","16-59","1-2","12-15","other",0.0856245287557203
"2020-03","1-2","60+","1-2","12-15","other",0.221614519756532
"2020-03","3-10","60+","1-2","12-15","other",0.0558587389711809
"2020-03","1-2","12-15","3-10","12-15","other",1.50329555651898
"2020-03","3-10","12-15","3-10","12-15","other",1.81632958920964
"2020-03","1-2","16-59","3-10","12-15","other",0.304784962375522
"2020-03","3-10","16-59","3-10","12-15","other",0.368250902564161
"2020-03","1-2","60+","3-10","12-15","other",0.198832085887983
"2020-03","3-10","60+","3-10","12-15","other",0.240235261334026
"2020-03","1-2","12-15","1-2","16-59","other",4.2377461681429
"2020-03","3-10","12-15","1-2","16-59","other",1.06813920537551
"2020-03","1-2","16-59","1-2","16-59","other",5.62605718496066
"2020-03","3-10","16-59","1-2","16-59","other",1.41806800419444
"2020-03","1-2","60+","1-2","16-59","other",2.85412238816736
"2020-03","3-10","60+","1-2","16-59","other",0.719391841507465
"2020-03","1-2","12-15","3-10","16-59","other",4.06377804420447
"2020-03","3-10","12-15","3-10","16-59","other",4.90998611261835
"2020-03","1-2","16-59","3-10","16-59","other",5.44261846465153
"2020-03","3-10","16-59","3-10","16-59","other",6.57594504105122
"2020-03","1-2","60+","3-10","16-59","other",2.73695484257608
"2020-03","3-10","60+","3-10","16-59","other",3.3068760453286
"2020-03","1-2","12-15","1-2","60+","other",0.885233689414212
"2020-03","3-10","12-15","1-2","60+","other",0.223126344067203
"2020-03","1-2","16-59","1-2","60+","other",0.913908366434723
"2020-03","3-10","16-59","1-2","60+","other",0.230353899827229
"2020-03","1-2","60+","1-2","60+","other",1.41234463856656
"2020-03","3-10","60+","1-2","60+","other",0.355986559859469
"2020-03","1-2","12-15","3-10","60+","other",1.0763141549039
"2020-03","3-10","12-15","3-10","60+","other",1.3004370553479
"2020-03","1-2","16-59","3-10","60+","other",1.11117835080329
"2020-03","3-10","16-59","3-10","60+","other",1.34256108767238
"2020-03","1-2","60+","3-10","60+","other",1.53853526410892
"2020-03","3-10","60+","3-10","60+","other",1.85890732672316
"2020-04","1-2","12-15","1-2","12-15","home",1.14073868473602
"2020-04","3-10","12-15","1-2","12-15","home",0
"2020-04","1-2","16-59","1-2","12-15","home",0.179280512969427
"2020-04","3-10","16-59","1-2","12-15","home",0
"2020-04","1-2","60+","1-2","12-15","home",0.166361907223304
"2020-04","3-10","60+","1-2","12-15","home",0
"2020-04","1-2","12-15","3-10","12-15","home",0
"2020-04","3-10","12-15","3-10","12-15","home",0.954919875538448
"2020-04","1-2","16-59","3-10","12-15","home",0
"2020-04","3-10","16-59","3-10","12-15","home",0.135780726398448
"2020-04","1-2","60+","3-10","12-15","home",0
"2020-04","3-10","60+","3-10","12-15","home",0.125996630831058
"2020-04","1-2","12-15","1-2","16-59","home",2.23646830464668
"2020-04","3-10","12-15","1-2","16-59","home",0
"2020-04","1-2","16-59","1-2","16-59","home",3.02439961806142
"2020-04","3-10","16-59","1-2","16-59","home",0
"2020-04","1-2","60+","1-2","16-59","home",1.96867950700917
"2020-04","3-10","60+","1-2","16-59","home",0
"2020-04","1-2","12-15","3-10","16-59","home",0
"2020-04","3-10","12-15","3-10","16-59","home",1.81040012756372
"2020-04","1-2","16-59","3-10","16-59","home",0
"2020-04","3-10","16-59","3-10","16-59","home",2.48745225213448
"2020-04","1-2","60+","3-10","16-59","home",0
"2020-04","3-10","60+","3-10","16-59","home",1.59362760617551
"2020-04","1-2","12-15","1-2","60+","home",0.664528502333971
"2020-04","3-10","12-15","1-2","60+","home",0
"2020-04","1-2","16-59","1-2","60+","home",0.63038385450581
"2020-04","3-10","16-59","1-2","60+","home",0
"2020-04","1-2","60+","1-2","60+","home",1.42274736317266
"2020-04","3-10","60+","1-2","60+","home",0
"2020-04","1-2","12-15","3-10","60+","home",0
"2020-04","3-10","12-15","3-10","60+","home",0.68204262218558
"2020-04","1-2","16-59","3-10","60+","home",0
"2020-04","3-10","16-59","3-10","60+","home",0.646998067954228
"2020-04","1-2","60+","3-10","60+","home",0
"2020-04","3-10","60+","3-10","60+","home",1.31496030842722
"2020-04","1-2","12-15","1-2","12-15","other",0.666628542896559
"2020-04","3-10","12-15","1-2","12-15","other",0.150107851469876
"2020-04","1-2","16-59","1-2","12-15","other",0.146971232838738
"2020-04","3-10","16-59","1-2","12-15","other",0.0330941964972616
"2020-04","1-2","60+","1-2","12-15","other",0.0958793916966611
"2020-04","3-10","60+","1-2","12-15","other",0.0215896088476634
"2020-04","1-2","12-15","3-10","12-15","other",0.581029282891972
"2020-04","3-10","12-15","3-10","12-15","other",0.682820674273641
"2020-04","1-2","16-59","3-10","12-15","other",0.117800513250616
"2020-04","3-10","16-59","3-10","12-15","other",0.138438161820705
"2020-04","1-2","60+","3-10","12-15","other",0.0768493353009866
"2020-04","3-10","60+","3-10","12-15","other",0.0903126855956709
"2020-04","1-2","12-15","1-2","16-59","other",1.83342014418901
"2020-04","3-10","12-15","1-2","16-59","other",0.412839746540087
"2020-04","1-2","16-59","1-2","16-59","other",2.43405956043528
"2020-04","3-10","16-59","1-2","16-59","other",0.548088519251036
"2020-04","1-2","60+","1-2","16-59","other",1.23480861590633
"2020-04","3-10","60+","1-2","16-59","other",0.278047602799617
"2020-04","1-2","12-15","3-10","16-59","other",1.57066521790551
"2020-04","3-10","12-15","3-10","16-59","other",1.84583241280079
"2020-04","1-2","16-59","3-10","16-59","other",2.10359213120655
"2020-04","3-10","16-59","3-10","16-59","other",2.47212359122051
"2020-04","1-2","60+","3-10","16-59","other",1.05784315172997
"2020-04","3-10","60+","3-10","16-59","other",1.2431682798237
"2020-04","1-2","12-15","1-2","60+","other",0.38298784639053
"2020-04","3-10","12-15","1-2","60+","other",0.0862391557837603
"2020-04","1-2","16-59","1-2","60+","other",0.39539366976729
"2020-04","3-10","16-59","1-2","60+","other",0.0890326327697721
"2020-04","1-2","60+","1-2","60+","other",0.611037331671997
"2020-04","3-10","60+","1-2","60+","other",0.137590119718894
"2020-04","1-2","12-15","3-10","60+","other",0.415999394715432
"2020-04","3-10","12-15","3-10","60+","other",0.488878952508545
"2020-04","1-2","16-59","3-10","60+","other",0.429474535152176
"2020-04","3-10","16-59","3-10","60+","other",0.50471482300573
"2020-04","1-2","60+","3-10","60+","other",0.594649559983538
"2020-04","3-10","60+","3-10","60+","other",0.698827108133854
"2020-05","1-2","12-15","1-2","12-15","home",1.14073868473602
"2020-05","3-10","12-15","1-2","12-15","home",0
"2020-05","1-2","16-59","1-2","12-15","home",0.179280512969427
"2020-05","3-10","16-59","1-2","12-15","home",0
"2020-05","1-2","60+","1-2","12-15","home",0.166361907223304
"2020-05","3-10","60+","1-2","12-15","home",0
"2020-05","1-2","12-15","3-10","12-15","home",0
"2020-05","3-10","12-15","3-10","12-15","home",0.954919875538448
"2020-05","1-2","16-59","3-10","12-15","home",0
"2020-05","3-10","16-59","3-10","12-15","home",0.135780726398448
"2020-05","1-2","60+","3-10","12-15","home",0
"2020-05","3-10","60+","3-10","12-15","home",0.125996630831058
"2020-05","1-2","12-15","1-2","16-59","home",2.23646830464668
"2020-05","3-10","12-15","1-2","16-59","home",0
"2020-05","1-2","16-59","1-2","16-59","home",3.02439961806142
"2020-05","3-10","16-59","1-2","16-59","home",0
"2020-05","1-2","60+","1-2","16-59","home",1.96867950700917
"2020-05","3-10","60+","1-2","16-59","home",0
"2020-05","1-2","12-15","3-10","16-59","home",0
"2020-05","3-10","12-15","3-10","16-59","home",1.81040012756372
"2020-05","1-2","16-59","3-10","16-59","home",0
"2020-05","3-10","16-59","3-10","16-59","home",2.48745225213448
"2020-05","1-2","60+","3-10","16-59","home",0
"2020-05","3-10","60+","3-10","16-59","home",1.59362760617551
"2020-05","1-2","12-15","1-2","60+","home",0.664528502333971
"2020-05","3-10","12-15","1-2","60+","home",0
"2020-05","1-2","16-59","1-2","60+","home",0.63038385450581
"2020-05","3-10","16-59","1-2","60+","home",0
"2020-05","1-2","60+","1-2","60+","home",1.42274736317266
"2020-05","3-10","60+","1-2","60+","home",0
"2020-05","1-2","12-15","3-10","60+","home",0
"2020-05","3-10","12-15","3-10","60+","home",0.68204262218558
"2020-05","1-2","16-59","3-10","60+","home",0
"2020-05","3-10","16-59","3-10","60+","home",0.646998067954228
"2020-05","1-2","60+","3-10","60+","home",0
"2020-05","3-10","60+","3-10","60+","home",1.31496030842722
"2020-05","1-2","12-15","1-2","12-15","other",1.02730327330371
"2020-05","3-10","12-15","1-2","12-15","other",0.247871255766211
"2020-05","1-2","16-59","1-2","12-15","other",0.226488994786629
"2020-05","3-10","16-59","1-2","12-15","other",0.0546480411519059
"2020-05","1-2","60+","1-2","12-15","other",0.147754268823188
"2020-05","3-10","60+","1-2","12-15","other",0.0356506565390789
"2020-05","1-2","12-15","3-10","12-15","other",0.959446535121958
"2020-05","3-10","12-15","3-10","12-15","other",1.17080108563391
"2020-05","1-2","16-59","3-10","12-15","other",0.1945225440469
"2020-05","3-10","16-59","3-10","12-15","other",0.237373524645051
"2020-05","1-2","60+","3-10","12-15","other",0.126900365699238
"2020-05","3-10","60+","3-10","12-15","other",0.154854992424484
"2020-05","1-2","12-15","1-2","16-59","other",2.82537934436837
"2020-05","3-10","12-15","1-2","16-59","other",0.681717214676352
"2020-05","1-2","16-59","1-2","16-59","other",3.75099053362818
"2020-05","3-10","16-59","1-2","16-59","other",0.905051855765593
"2020-05","1-2","60+","1-2","16-59","other",1.90289321773164
"2020-05","3-10","60+","1-2","16-59","other",0.459136599410703
"2020-05","1-2","12-15","3-10","16-59","other",2.59362022797774
"2020-05","3-10","12-15","3-10","16-59","other",3.16496361962725
"2020-05","1-2","16-59","3-10","16-59","other",3.4736359096228
"2020-05","3-10","16-59","3-10","16-59","other",4.2388361885807
"2020-05","1-2","60+","3-10","16-59","other",1.74680343403366
"2020-05","3-10","60+","3-10","16-59","other",2.13160325467816
"2020-05","1-2","12-15","1-2","60+","other",0.590200753365552
"2020-05","3-10","12-15","1-2","60+","other",0.142405661203061
"2020-05","1-2","16-59","1-2","60+","other",0.609318661080088
"2020-05","3-10","16-59","1-2","60+","other",0.14701849551983
"2020-05","1-2","60+","1-2","60+","other",0.941634824410464
"2020-05","3-10","60+","1-2","60+","other",0.227200878713461
"2020-05","1-2","12-15","3-10","60+","other",0.686934702991142
"2020-05","3-10","12-15","3-10","60+","other",0.838258169246926
"2020-05","1-2","16-59","3-10","60+","other",0.709186037274959
"2020-05","3-10","16-59","3-10","60+","other",0.865411205276166
"2020-05","1-2","60+","3-10","60+","other",0.981937531785432
"2020-05","3-10","60+","3-10","60+","other",1.19824657878715
"2020-06","1-2","12-15","1-2","12-15","home",1.14073868473602
"2020-06","3-10","12-15","1-2","12-15","home",0
"2020-06","1-2","16-59","1-2","12-15","home",0.179280512969427
"2020-06","3-10","16-59","1-2","12-15","home",0
"2020-06","1-2","60+","1-2","12-15","home",0.166361907223304
"2020-06","3-10","60+","1-2","12-15","home",0
"2020-06","1-2","12-15","3-10","12-15","home",0
"2020-06","3-10","12-15","3-10","12-15","home",0.954919875538448
"2020-06","1-2","16-59","3-10","12-15","home",0
"2020-06","3-10","16-59","3-10","12-15","home",0.135780726398448
"2020-06","1-2","60+","3-10","12-15","home",0
"2020-06","3-10","60+","3-10","12-15","home",0.125996630831058
"2020-06","1-2","12-15","1-2","16-59","home",2.23646830464668
"2020-06","3-10","12-15","1-2","16-59","home",0
"2020-06","1-2","16-59","1-2","16-59","home",3.02439961806142
"2020-06","3-10","16-59","1-2","16-59","home",0
"2020-06","1-2","60+","1-2","16-59","home",1.96867950700917
"2020-06","3-10","60+","1-2","16-59","home",0
"2020-06","1-2","12-15","3-10","16-59","home",0
"2020-06","3-10","12-15","3-10","16-59","home",1.81040012756372
"2020-06","1-2","16-59","3-10","16-59","home",0
"2020-06","3-10","16-59","3-10","16-59","home",2.48745225213448
"2020-06","1-2","60+","3-10","16-59","home",0
"2020-06","3-10","60+","3-10","16-59","home",1.59362760617551
"2020-06","1-2","12-15","1-2","60+","home",0.664528502333971
"2020-06","3-10","12-15","1-2","60+","home",0
"2020-06","1-2","16-59","1-2","60+","home",0.63038385450581
"2020-06","3-10","16-59","1-2","60+","home",0
"2020-06","1-2","60+","1-2","60+","home",1.42274736317266
"2020-06","3-10","60+","1-2","60+","home",0
"2020-06","1-2","12-15","3-10","60+","home",0
"2020-06","3-10","12-15","3-10","60+","home",0.68204262218558
"2020-06","1-2","16-59","3-10","60+","home",0
"2020-06","3-10","16-59","3-10","60+","home",0.646998067954228
"2020-06","1-2","60+","3-10","60+","home",0
"2020-06","3-10","60+","3-10","60+","home",1.31496030842722
"2020-06","1-2","12-15","1-2","12-15","other",1.04871645271263
"2020-06","3-10","12-15","1-2","12-15","other",0.274121976093405
"2020-06","1-2","16-59","1-2","12-15","other",0.231209946822454
"2020-06","3-10","16-59","1-2","12-15","other",0.0604355232069478
"2020-06","1-2","60+","1-2","12-15","other",0.1508340688676
"2020-06","3-10","60+","1-2","12-15","other",0.0394262270924103
"2020-06","1-2","12-15","3-10","12-15","other",1.06105639135368
"2020-06","3-10","12-15","3-10","12-15","other",1.32461414735402
"2020-06","1-2","16-59","3-10","12-15","other",0.215123387356967
"2020-06","3-10","16-59","3-10","12-15","other",0.268558282709381
"2020-06","1-2","60+","3-10","12-15","other",0.140339705404408
"2020-06","3-10","60+","3-10","12-15","other",0.1751989439289
"2020-06","1-2","12-15","1-2","16-59","other",2.884271743888
"2020-06","3-10","12-15","1-2","16-59","other",0.753914242481711
"2020-06","1-2","16-59","1-2","16-59","other",3.82917643582963
"2020-06","3-10","16-59","1-2","16-59","other",1.00090106213633
"2020-06","1-2","60+","1-2","16-59","other",1.94255725358765
"2020-06","3-10","60+","1-2","16-59","other",0.507761303496912
"2020-06","1-2","12-15","3-10","16-59","other",2.86829668866349
"2020-06","3-10","12-15","3-10","16-59","other",3.58075819869022
"2020-06","1-2","16-59","3-10","16-59","other",3.84151012924595
"2020-06","3-10","16-59","3-10","16-59","other",4.79570992255283
"2020-06","1-2","60+","3-10","16-59","other",1.93179805259745
"2020-06","3-10","60+","3-10","16-59","other",2.41164093742175
"2020-06","1-2","12-15","1-2","60+","other",0.60250293807334
"2020-06","3-10","12-15","1-2","60+","other",0.157487083910567
"2020-06","1-2","16-59","1-2","60+","other",0.622019340758596
"2020-06","3-10","16-59","1-2","60+","other",0.162588438863547
"2020-06","1-2","60+","1-2","60+","other",0.961262324834898
"2020-06","3-10","60+","1-2","60+","other",0.251262509848397
"2020-06","1-2","12-15","3-10","60+","other",0.759684287106989
"2020-06","3-10","12-15","3-10","60+","other",0.948383669731879
"2020-06","1-2","16-59","3-10","60+","other",0.784292141316384
"2020-06","3-10","16-59","3-10","60+","other",0.979103914280056
"2020-06","1-2","60+","3-10","60+","other",1.08592928930485
"2020-06","3-10","60+","3-10","60+","other",1.35566527034832
"2020-07","1-2","12-15","1-2","12-15","home",1.14073868473602
"2020-07","3-10","12-15","1-2","12-15","home",0
"2020-07","1-2","16-59","1-2","12-15","home",0.179280512969427
"2020-07","3-10","16-59","1-2","12-15","home",0
"2020-07","1-2","60+","1-2","12-15","home",0.166361907223304
"2020-07","3-10","60+","1-2","12-15","home",0
"2020-07","1-2","12-15","3-10","12-15","home",0
"2020-07","3-10","12-15","3-10","12-15","home",0.954919875538448
"2020-07","1-2","16-59","3-10","12-15","home",0
"2020-07","3-10","16-59","3-10","12-15","home",0.135780726398448
"2020-07","1-2","60+","3-10","12-15","home",0
"2020-07","3-10","60+","3-10","12-15","home",0.125996630831058
"2020-07","1-2","12-15","1-2","16-59","home",2.23646830464668
"2020-07","3-10","12-15","1-2","16-59","home",0
"2020-07","1-2","16-59","1-2","16-59","home",3.02439961806142
"2020-07","3-10","16-59","1-2","16-59","home",0
"2020-07","1-2","60+","1-2","16-59","home",1.96867950700917
"2020-07","3-10","60+","1-2","16-59","home",0
"2020-07","1-2","12-15","3-10","16-59","home",0
"2020-07","3-10","12-15","3-10","16-59","home",1.81040012756372
"2020-07","1-2","16-59","3-10","16-59","home",0
"2020-07","3-10","16-59","3-10","16-59","home",2.48745225213448
"2020-07","1-2","60+","3-10","16-59","home",0
"2020-07","3-10","60+","3-10","16-59","home",1.59362760617551
"2020-07","1-2","12-15","1-2","60+","home",0.664528502333971
"2020-07","3-10","12-15","1-2","60+","home",0
"2020-07","1-2","16-59","1-2","60+","home",0.63038385450581
"2020-07","3-10","16-59","1-2","60+","home",0
"2020-07","1-2","60+","1-2","60+","home",1.42274736317266
"2020-07","3-10","60+","1-2","60+","home",0
"2020-07","1-2","12-15","3-10","60+","home",0
"2020-07","3-10","12-15","3-10","60+","home",0.68204262218558
"2020-07","1-2","16-59","3-10","60+","home",0
"2020-07","3-10","16-59","3-10","60+","home",0.646998067954228
"2020-07","1-2","60+","3-10","60+","home",0
"2020-07","3-10","60+","3-10","60+","home",1.31496030842722
"2020-07","1-2","12-15","1-2","12-15","other",1.12868631938103
"2020-07","3-10","12-15","1-2","12-15","other",0.318818395625809
"2020-07","1-2","16-59","1-2","12-15","other",0.248840859899075
"2020-07","3-10","16-59","1-2","12-15","other",0.0702897185487969
"2020-07","1-2","60+","1-2","12-15","other",0.162335919863828
"2020-07","3-10","60+","1-2","12-15","other",0.0458547929878413
"2020-07","1-2","12-15","3-10","12-15","other",1.23406485383216
"2020-07","3-10","12-15","3-10","12-15","other",1.65028147485853
"2020-07","1-2","16-59","3-10","12-15","other",0.250199908070734
"2020-07","3-10","16-59","3-10","12-15","other",0.334585554412519
"2020-07","1-2","60+","3-10","12-15","other",0.163222519979158
"2020-07","3-10","60+","3-10","12-15","other",0.218273051181122
"2020-07","1-2","12-15","1-2","16-59","other",3.10421186802501
"2020-07","3-10","12-15","1-2","16-59","other",0.876842246115886
"2020-07","1-2","16-59","1-2","16-59","other",4.12117026145426
"2020-07","3-10","16-59","1-2","16-59","other",1.16410101575272
"2020-07","1-2","60+","1-2","16-59","other",2.09068694504362
"2020-07","3-10","60+","1-2","16-59","other",0.590553323921007
"2020-07","1-2","12-15","3-10","16-59","other",3.33598116244033
"2020-07","3-10","12-15","3-10","16-59","other",4.46111717366925
"2020-07","1-2","16-59","3-10","16-59","other",4.46788000597649
"2020-07","3-10","16-59","3-10","16-59","other",5.97477481256961
"2020-07","1-2","60+","3-10","16-59","other",2.24678358364206
"2020-07","3-10","60+","3-10","16-59","other",3.00456277851749
"2020-07","1-2","12-15","1-2","60+","other",0.648446795920151
"2020-07","3-10","12-15","1-2","60+","other",0.183165830553642
"2020-07","1-2","16-59","1-2","60+","other",0.66945142177245
"2020-07","3-10","16-59","1-2","60+","other",0.189098976902597
"2020-07","1-2","60+","1-2","60+","other",1.03456337751845
"2020-07","3-10","60+","1-2","60+","other",0.292231624083594
"2020-07","1-2","12-15","3-10","60+","other",0.883553114016143
"2020-07","3-10","12-15","3-10","60+","other",1.18155162719893
"2020-07","1-2","16-59","3-10","60+","other",0.91217335348268
"2020-07","3-10","16-59","3-10","60+","other",1.21982469757362
"2020-07","1-2","60+","3-10","60+","other",1.26299335322637
"2020-07","3-10","60+","3-10","60+","other",1.68896677287789
"2020-08","1-2","12-15","1-2","12-15","home",1.14073868473602
"2020-08","3-10","12-15","1-2","12-15","home",0
"2020-08","1-2","16-59","1-2","12-15","home",0.179280512969427
"2020-08","3-10","16-59","1-2","12-15","home",0
"2020-08","1-2","60+","1-2","12-15","home",0.166361907223304
"2020-08","3-10","60+","1-2","12-15","home",0
"2020-08","1-2","12-15","3-10","12-15","home",0
"2020-08","3-10","12-15","3-10","12-15","home",0.954919875538448
"2020-08","1-2","16-59","3-10","12-15","home",0
"2020-08","3-10","16-59","3-10","12-15","home",0.135780726398448
"2020-08","1-2","60+","3-10","12-15","home",0
"2020-08","3-10","60+","3-10","12-15","home",0.125996630831058
"2020-08","1-2","12-15","1-2","16-59","home",2.23646830464668
"2020-08","3-10","12-15","1-2","16-59","home",0
"2020-08","1-2","16-59","1-2","16-59","home",3.02439961806142
"2020-08","3-10","16-59","1-2","16-59","home",0
"2020-08","1-2","60+","1-2","16-59","home",1.96867950700917
"2020-08","3-10","60+","1-2","16-59","home",0
"2020-08","1-2","12-15","3-10","16-59","home",0
"2020-08","3-10","12-15","3-10","16-59","home",1.81040012756372
"2020-08","1-2","16-59","3-10","16-59","home",0
"2020-08","3-10","16-59","3-10","16-59","home",2.48745225213448
"2020-08","1-2","60+","3-10","16-59","home",0
"2020-08","3-10","60+","3-10","16-59","home",1.59362760617551
"2020-08","1-2","12-15","1-2","60+","home",0.664528502333971
"2020-08","3-10","12-15","1-2","60+","home",0
"2020-08","1-2","16-59","1-2","60+","home",0.63038385450581
"2020-08","3-10","16-59","1-2","60+","home",0
"2020-08","1-2","60+","1-2","60+","home",1.42274736317266
"2020-08","3-10","60+","1-2","60+","home",0
"2020-08","1-2","12-15","3-10","60+","home",0
"2020-08","3-10","12-15","3-10","60+","home",0.68204262218558
"2020-08","1-2","16-59","3-10","60+","home",0
"2020-08","3-10","16-59","3-10","60+","home",0.646998067954228
"2020-08","1-2","60+","3-10","60+","home",0
"2020-08","3-10","60+","3-10","60+","home",1.31496030842722
"2020-08","1-2","12-15","1-2","12-15","other",1.4494510494437
"2020-08","3-10","12-15","1-2","12-15","other",0.437687122527797
"2020-08","1-2","16-59","1-2","12-15","other",0.319559685744208
"2020-08","3-10","16-59","1-2","12-15","other",0.0964966422170312
"2020-08","1-2","60+","1-2","12-15","other",0.208470648902763
"2020-08","3-10","60+","1-2","12-15","other",0.0629513625070489
"2020-08","1-2","12-15","3-10","12-15","other",1.69417543748144
"2020-08","3-10","12-15","3-10","12-15","other",2.29499957336392
"2020-08","1-2","16-59","3-10","12-15","other",0.343484815564807
"2020-08","3-10","16-59","3-10","12-15","other",0.465298627130434
"2020-08","1-2","60+","3-10","12-15","other",0.224078648163269
"2020-08","3-10","60+","3-10","12-15","other",0.30354613256533
"2020-08","1-2","12-15","1-2","16-59","other",3.98640709340035
"2020-08","3-10","12-15","1-2","16-59","other",1.20376541905603
"2020-08","1-2","16-59","1-2","16-59","other",5.29237792452106
"2020-08","3-10","16-59","1-2","16-59","other",1.59812617749477
"2020-08","1-2","60+","1-2","16-59","other",2.6848455009303
"2020-08","3-10","60+","1-2","16-59","other",0.810736107428322
"2020-08","1-2","12-15","3-10","16-59","other",4.57977336260468
"2020-08","3-10","12-15","3-10","16-59","other",6.20394894221003
"2020-08","1-2","16-59","3-10","16-59","other",6.13369106188745
"2020-08","3-10","16-59","3-10","16-59","other",8.30894962749807
"2020-08","1-2","60+","3-10","16-59","other",3.08447773139529
"2020-08","3-10","60+","3-10","16-59","other",4.17836011607284
"2020-08","1-2","12-15","1-2","60+","other",0.832730824070154
"2020-08","3-10","12-15","1-2","60+","other",0.251457652445284
"2020-08","1-2","16-59","1-2","60+","other",0.859704817164607
"2020-08","3-10","16-59","1-2","60+","other",0.259602921942399
"2020-08","1-2","60+","1-2","60+","other",1.32857902812404
"2020-08","3-10","60+","1-2","60+","other",0.401187699366299
"2020-08","1-2","12-15","3-10","60+","other",1.21297837696946
"2020-08","3-10","12-15","3-10","60+","other",1.6431502877783
"2020-08","1-2","16-59","3-10","60+","other",1.25226942927394
"2020-08","3-10","16-59","3-10","60+","other",1.69637555966033
"2020-08","1-2","60+","3-10","60+","other",1.73388968180553
"2020-08","3-10","60+","3-10","60+","other",2.34879811852271
"2020-09","1-2","12-15","1-2","12-15","home",1.14073868473602
"2020-09","3-10","12-15","1-2","12-15","home",0
"2020-09","1-2","16-59","1-2","12-15","home",0.179280512969427
"2020-09","3-10","16-59","1-2","12-15","home",0
"2020-09","1-2","60+","1-2","12-15","home",0.166361907223304
"2020-09","3-10","60+","1-2","12-15","home",0
"2020-09","1-2","12-15","3-10","12-15","home",0
"2020-09","3-10","12-15","3-10","12-15","home",0.954919875538448
"2020-09","1-2","16-59","3-10","12-15","home",0
"2020-09","3-10","16-59","3-10","12-15","home",0.135780726398448
"2020-09","1-2","60+","3-10","12-15","home",0
"2020-09","3-10","60+","3-10","12-15","home",0.125996630831058
"2020-09","1-2","12-15","1-2","16-59","home",2.23646830464668
"2020-09","3-10","12-15","1-2","16-59","home",0
"2020-09","1-2","16-59","1-2","16-59","home",3.02439961806142
"2020-09","3-10","16-59","1-2","16-59","home",0
"2020-09","1-2","60+","1-2","16-59","home",1.96867950700917
"2020-09","3-10","60+","1-2","16-59","home",0
"2020-09","1-2","12-15","3-10","16-59","home",0
"2020-09","3-10","12-15","3-10","16-59","home",1.81040012756372
"2020-09","1-2","16-59","3-10","16-59","home",0
"2020-09","3-10","16-59","3-10","16-59","home",2.48745225213448
"2020-09","1-2","60+","3-10","16-59","home",0
"2020-09","3-10","60+","3-10","16-59","home",1.59362760617551
"2020-09","1-2","12-15","1-2","60+","home",0.664528502333971
"2020-09","3-10","12-15","1-2","60+","home",0
"2020-09","1-2","16-59","1-2","60+","home",0.63038385450581
"2020-09","3-10","16-59","1-2","60+","home",0
"2020-09","1-2","60+","1-2","60+","home",1.42274736317266
"2020-09","3-10","60+","1-2","60+","home",0
"2020-09","1-2","12-15","3-10","60+","home",0
"2020-09","3-10","12-15","3-10","60+","home",0.68204262218558
"2020-09","1-2","16-59","3-10","60+","home",0
"2020-09","3-10","16-59","3-10","60+","home",0.646998067954228
"2020-09","1-2","60+","3-10","60+","home",0
"2020-09","3-10","60+","3-10","60+","home",1.31496030842722
"2020-09","1-2","12-15","1-2","12-15","other",1.52565146536521
"2020-09","3-10","12-15","1-2","12-15","other",0.393838444427056
"2020-09","1-2","16-59","1-2","12-15","other",0.336359550061668
"2020-09","3-10","16-59","1-2","12-15","other",0.0868293479682536
"2020-09","1-2","60+","1-2","12-15","other",0.219430349928826
"2020-09","3-10","60+","1-2","12-15","other",0.0566447249833476
"2020-09","1-2","12-15","3-10","12-15","other",1.52444836629125
"2020-09","3-10","12-15","3-10","12-15","other",2.07863250885857
"2020-09","1-2","16-59","3-10","12-15","other",0.309073579010235
"2020-09","3-10","16-59","3-10","12-15","other",0.421431386700836
"2020-09","1-2","60+","3-10","12-15","other",0.201629843967673
"2020-09","3-10","60+","3-10","12-15","other",0.274928530014387
"2020-09","1-2","12-15","1-2","16-59","other",4.19598014429166
"2020-09","3-10","12-15","1-2","16-59","other",1.08316894807889
"2020-09","1-2","16-59","1-2","16-59","other",5.57060836163521
"2020-09","3-10","16-59","1-2","16-59","other",1.43802158059317
"2020-09","1-2","60+","1-2","16-59","other",2.82599296771394
"2020-09","3-10","60+","1-2","16-59","other",0.729514374437961
"2020-09","1-2","12-15","3-10","16-59","other",4.12095929745373
"2020-09","3-10","12-15","3-10","16-59","other",5.61905549101016
"2020-09","1-2","16-59","3-10","16-59","other",5.51920132458654
"2020-09","3-10","16-59","3-10","16-59","other",7.52560175201701
"2020-09","1-2","60+","3-10","16-59","other",2.77546642128012
"2020-09","3-10","60+","3-10","16-59","other",3.78443432922149
"2020-09","1-2","12-15","1-2","60+","other",0.876509077340007
"2020-09","3-10","12-15","1-2","60+","other",0.226265945651715
"2020-09","1-2","16-59","1-2","60+","other",0.904901144879713
"2020-09","3-10","16-59","1-2","60+","other",0.233595200050739
"2020-09","1-2","60+","1-2","60+","other",1.39842497053547
"2020-09","3-10","60+","1-2","60+","other",0.360995632060567
"2020-09","1-2","12-15","3-10","60+","other",1.09145892698492
"2020-09","3-10","12-15","3-10","60+","other",1.4882380130947
"2020-09","1-2","16-59","3-10","60+","other",1.12681369554683
"2020-09","3-10","16-59","3-10","60+","other",1.53644533378917
"2020-09","1-2","60+","3-10","60+","other",1.56018393035323
"2020-09","3-10","60+","3-10","60+","other",2.12735905599794
"2020-10","1-2","12-15","1-2","12-15","home",1.14073868473602
"2020-10","3-10","12-15","1-2","12-15","home",0
"2020-10","1-2","16-59","1-2","12-15","home",0.179280512969427
"2020-10","3-10","16-59","1-2","12-15","home",0
"2020-10","1-2","60+","1-2","12-15","home",0.166361907223304
"2020-10","3-10","60+","1-2","12-15","home",0
"2020-10","1-2","12-15","3-10","12-15","home",0
"2020-10","3-10","12-15","3-10","12-15","home",0.954919875538448
"2020-10","1-2","16-59","3-10","12-15","home",0
"2020-10","3-10","16-59","3-10","12-15","home",0.135780726398448
"2020-10","1-2","60+","3-10","12-15","home",0
"2020-10","3-10","60+","3-10","12-15","home",0.125996630831058
"2020-10","1-2","12-15","1-2","16-59","home",2.23646830464668
"2020-10","3-10","12-15","1-2","16-59","home",0
"2020-10","1-2","16-59","1-2","16-59","home",3.02439961806142
"2020-10","3-10","16-59","1-2","16-59","home",0
"2020-10","1-2","60+","1-2","16-59","home",1.96867950700917
"2020-10","3-10","60+","1-2","16-59","home",0
"2020-10","1-2","12-15","3-10","16-59","home",0
"2020-10","3-10","12-15","3-10","16-59","home",1.81040012756372
"2020-10","1-2","16-59","3-10","16-59","home",0
"2020-10","3-10","16-59","3-10","16-59","home",2.48745225213448
"2020-10","1-2","60+","3-10","16-59","home",0
"2020-10","3-10","60+","3-10","16-59","home",1.59362760617551
"2020-10","1-2","12-15","1-2","60+","home",0.664528502333971
"2020-10","3-10","12-15","1-2","60+","home",0
"2020-10","1-2","16-59","1-2","60+","home",0.63038385450581
"2020-10","3-10","16-59","1-2","60+","home",0
"2020-10","1-2","60+","1-2","60+","home",1.42274736317266
"2020-10","3-10","60+","1-2","60+","home",0
"2020-10","1-2","12-15","3-10","60+","home",0
"2020-10","3-10","12-15","3-10","60+","home",0.68204262218558
"2020-10","1-2","16-59","3-10","60+","home",0
"2020-10","3-10","16-59","3-10","60+","home",0.646998067954228
"2020-10","1-2","60+","3-10","60+","home",0
"2020-10","3-10","60+","3-10","60+","home",1.31496030842722
"2020-10","1-2","12-15","1-2","12-15","other",1.23755966947867
"2020-10","3-10","12-15","1-2","12-15","other",0.323406009351147
"2020-10","1-2","16-59","1-2","12-15","other",0.27284410827126
"2020-10","3-10","16-59","1-2","12-15","other",0.0713011472555115
"2020-10","1-2","60+","1-2","12-15","other",0.1779948812008
"2020-10","3-10","60+","1-2","12-15","other",0.0465146171403048
"2020-10","1-2","12-15","3-10","12-15","other",1.25182233877993
"2020-10","3-10","12-15","3-10","12-15","other",1.62748745848579
"2020-10","1-2","16-59","3-10","12-15","other",0.253800141144144
"2020-10","3-10","16-59","3-10","12-15","other",0.329964192104605
"2020-10","1-2","60+","3-10","12-15","other",0.165571198359121
"2020-10","3-10","60+","3-10","12-15","other",0.215258220330659
"2020-10","1-2","12-15","1-2","16-59","other",3.40364488114958
"2020-10","3-10","12-15","1-2","16-59","other",0.889459502768664
"2020-10","1-2","16-59","1-2","16-59","other",4.51869932243673
"2020-10","3-10","16-59","1-2","16-59","other",1.18085176122669
"2020-10","1-2","60+","1-2","16-59","other",2.29235510368413
"2020-10","3-10","60+","1-2","16-59","other",0.599051047300632
"2020-10","1-2","12-15","3-10","16-59","other",3.38398401666158
"2020-10","3-10","12-15","3-10","16-59","other",4.3994993348663
"2020-10","1-2","16-59","3-10","16-59","other",4.53217023489615
"2020-10","3-10","16-59","3-10","16-59","other",5.89225003302386
"2020-10","1-2","60+","3-10","16-59","other",2.27911350985584
"2020-10","3-10","60+","3-10","16-59","other",2.96306315908298
"2020-10","1-2","12-15","1-2","60+","other",0.710996127669494
"2020-10","3-10","12-15","1-2","60+","other",0.18580148172619
"2020-10","1-2","16-59","1-2","60+","other",0.73402686471391
"2020-10","3-10","16-59","1-2","60+","other",0.191820002645741
"2020-10","1-2","60+","1-2","60+","other",1.13435760631759
"2020-10","3-10","60+","1-2","60+","other",0.296436669426076
"2020-10","1-2","12-15","3-10","60+","other",0.896266936206263
"2020-10","3-10","12-15","3-10","60+","other",1.16523180082633
"2020-10","1-2","16-59","3-10","60+","other",0.925299004491966
"2020-10","3-10","16-59","3-10","60+","other",1.20297623593119
"2020-10","1-2","60+","3-10","60+","other",1.28116710267674
"2020-10","3-10","60+","3-10","60+","other",1.665638427465
"2020-11","1-2","12-15","1-2","12-15","home",1.14073868473602
"2020-11","3-10","12-15","1-2","12-15","home",0
"2020-11","1-2","16-59","1-2","12-15","home",0.179280512969427
"2020-11","3-10","16-59","1-2","12-15","home",0
"2020-11","1-2","60+","1-2","12-15","home",0.166361907223304
"2020-11","3-10","60+","1-2","12-15","home",0
"2020-11","1-2","12-15","3-10","12-15","home",0
"2020-11","3-10","12-15","3-10","12-15","home",0.954919875538448
"2020-11","1-2","16-59","3-10","12-15","home",0
"2020-11","3-10","16-59","3-10","12-15","home",0.135780726398448
"2020-11","1-2","60+","3-10","12-15","home",0
"2020-11","3-10","60+","3-10","12-15","home",0.125996630831058
"2020-11","1-2","12-15","1-2","16-59","home",2.23646830464668
"2020-11","3-10","12-15","1-2","16-59","home",0
"2020-11","1-2","16-59","1-2","16-59","home",3.02439961806142
"2020-11","3-10","16-59","1-2","16-59","home",0
"2020-11","1-2","60+","1-2","16-59","home",1.96867950700917
"2020-11","3-10","60+","1-2","16-59","home",0
"2020-11","1-2","12-15","3-10","16-59","home",0
"2020-11","3-10","12-15","3-10","16-59","home",1.81040012756372
"2020-11","1-2","16-59","3-10","16-59","home",0
"2020-11","3-10","16-59","3-10","16-59","home",2.48745225213448
"2020-11","1-2","60+","3-10","16-59","home",0
"2020-11","3-10","60+","3-10","16-59","home",1.59362760617551
"2020-11","1-2","12-15","1-2","60+","home",0.664528502333971
"2020-11","3-10","12-15","1-2","60+","home",0
"2020-11","1-2","16-59","1-2","60+","home",0.63038385450581
"2020-11","3-10","16-59","1-2","60+","home",0
"2020-11","1-2","60+","1-2","60+","home",1.42274736317266
"2020-11","3-10","60+","1-2","60+","home",0
"2020-11","1-2","12-15","3-10","60+","home",0
"2020-11","3-10","12-15","3-10","60+","home",0.68204262218558
"2020-11","1-2","16-59","3-10","60+","home",0
"2020-11","3-10","16-59","3-10","60+","home",0.646998067954228
"2020-11","1-2","60+","3-10","60+","home",0
"2020-11","3-10","60+","3-10","60+","home",1.31496030842722
"2020-11","1-2","12-15","1-2","12-15","other",1.10552009644377
"2020-11","3-10","12-15","1-2","12-15","other",0.273589771110542
"2020-11","1-2","16-59","1-2","12-15","other",0.243733415308552
"2020-11","3-10","16-59","1-2","12-15","other",0.0603181882633907
"2020-11","1-2","60+","1-2","12-15","other",0.159003984280209
"2020-11","3-10","60+","1-2","12-15","other",0.039349681480077
"2020-11","1-2","12-15","3-10","12-15","other",1.05899636133849
"2020-11","3-10","12-15","3-10","12-15","other",1.33911117935149
"2020-11","1-2","16-59","3-10","12-15","other",0.214705727524241
"2020-11","3-10","16-59","3-10","12-15","other",0.271497476757249
"2020-11","1-2","60+","3-10","12-15","other",0.14006723731712
"2020-11","3-10","60+","3-10","12-15","other",0.177116381320864
"2020-11","1-2","12-15","1-2","16-59","other",3.04049809481425
"2020-11","3-10","12-15","1-2","16-59","other",0.752450525773483
"2020-11","1-2","16-59","1-2","16-59","other",4.03658347467405
"2020-11","3-10","16-59","1-2","16-59","other",0.99895782307096
"2020-11","1-2","60+","1-2","16-59","other",2.04777571361535
"2020-11","3-10","60+","1-2","16-59","other",0.50677549017513
"2020-11","1-2","12-15","3-10","16-59","other",2.86272792029333
"2020-11","3-10","12-15","3-10","16-59","other",3.61994724576881
"2020-11","1-2","16-59","3-10","16-59","other",3.83405187704143
"2020-11","3-10","16-59","3-10","16-59","other",4.84819581841672
"2020-11","1-2","60+","3-10","16-59","other",1.9280474866482
"2020-11","3-10","60+","3-10","16-59","other",2.43803476380965
"2020-11","1-2","12-15","1-2","60+","other",0.635137462069563
"2020-11","3-10","12-15","1-2","60+","other",0.15718132436517
"2020-11","1-2","16-59","1-2","60+","other",0.655710969162954
"2020-11","3-10","16-59","1-2","60+","other",0.162272775090243
"2020-11","1-2","60+","1-2","60+","other",1.01332902264521
"2020-11","3-10","60+","1-2","60+","other",0.250774686282939
"2020-11","1-2","12-15","3-10","60+","other",0.758209367916768
"2020-11","3-10","12-15","3-10","60+","other",0.958763106214155
"2020-11","1-2","16-59","3-10","60+","other",0.782769446231599
"2020-11","3-10","16-59","3-10","60+","other",0.989819563665595
"2020-11","1-2","60+","3-10","60+","other",1.08382096881541
"2020-11","3-10","60+","3-10","60+","other",1.37050213649637
"2020-12","1-2","12-15","1-2","12-15","home",1.14073868473602
"2020-12","3-10","12-15","1-2","12-15","home",0
"2020-12","1-2","16-59","1-2","12-15","home",0.179280512969427
"2020-12","3-10","16-59","1-2","12-15","home",0
"2020-12","1-2","60+","1-2","12-15","home",0.166361907223304
"2020-12","3-10","60+","1-2","12-15","home",0
"2020-12","1-2","12-15","3-10","12-15","home",0
"2020-12","3-10","12-15","3-10","12-15","home",0.954919875538448
"2020-12","1-2","16-59","3-10","12-15","home",0
"2020-12","3-10","16-59","3-10","12-15","home",0.135780726398448
"2020-12","1-2","60+","3-10","12-15","home",0
"2020-12","3-10","60+","3-10","12-15","home",0.125996630831058
"2020-12","1-2","12-15","1-2","16-59","home",2.23646830464668
"2020-12","3-10","12-15","1-2","16-59","home",0
"2020-12","1-2","16-59","1-2","16-59","home",3.02439961806142
"2020-12","3-10","16-59","1-2","16-59","home",0
"2020-12","1-2","60+","1-2","16-59","home",1.96867950700917
"2020-12","3-10","60+","1-2","16-59","home",0
"2020-12","1-2","12-15","3-10","16-59","home",0
"2020-12","3-10","12-15","3-10","16-59","home",1.81040012756372
"2020-12","1-2","16-59","3-10","16-59","home",0
"2020-12","3-10","16-59","3-10","16-59","home",2.48745225213448
"2020-12","1-2","60+","3-10","16-59","home",0
"2020-12","3-10","60+","3-10","16-59","home",1.59362760617551
"2020-12","1-2","12-15","1-2","60+","home",0.664528502333971
"2020-12","3-10","12-15","1-2","60+","home",0
"2020-12","1-2","16-59","1-2","60+","home",0.63038385450581
"2020-12","3-10","16-59","1-2","60+","home",0
"2020-12","1-2","60+","1-2","60+","home",1.42274736317266
"2020-12","3-10","60+","1-2","60+","home",0
"2020-12","1-2","12-15","3-10","60+","home",0
"2020-12","3-10","12-15","3-10","60+","home",0.68204262218558
"2020-12","1-2","16-59","3-10","60+","home",0
"2020-12","3-10","16-59","3-10","60+","home",0.646998067954228
"2020-12","1-2","60+","3-10","60+","home",0
"2020-12","3-10","60+","3-10","60+","home",1.31496030842722
"2020-12","1-2","12-15","1-2","12-15","other",0.865905142015765
"2020-12","3-10","12-15","1-2","12-15","other",0.226607008491296
"2020-12","1-2","16-59","1-2","12-15","other",0.190905636429083
"2020-12","3-10","16-59","1-2","12-15","other",0.0499599241027879
"2020-12","1-2","60+","1-2","12-15","other",0.124540809373002
"2020-12","3-10","60+","1-2","12-15","other",0.032592277003232
"2020-12","1-2","12-15","3-10","12-15","other",0.877138046762434
"2020-12","3-10","12-15","3-10","12-15","other",1.09446285979572
"2020-12","1-2","16-59","3-10","12-15","other",0.177834947639754
"2020-12","3-10","16-59","3-10","12-15","other",0.221896366351718
"2020-12","1-2","60+","3-10","12-15","other",0.116013904713012
"2020-12","3-10","60+","3-10","12-15","other",0.144758183044202
"2020-12","1-2","12-15","1-2","16-59","other",2.38148808244907
"2020-12","3-10","12-15","1-2","16-59","other",0.623234421342231
"2020-12","1-2","16-59","1-2","16-59","other",3.16167783664881
"2020-12","3-10","16-59","1-2","16-59","other",0.82740974918841
"2020-12","1-2","60+","1-2","16-59","other",1.60393241680407
"2020-12","3-10","60+","1-2","16-59","other",0.419748433353879
"2020-12","1-2","12-15","3-10","16-59","other",2.37112011720669
"2020-12","3-10","12-15","3-10","16-59","other",2.95860259850302
"2020-12","1-2","16-59","3-10","16-59","other",3.1756414822459
"2020-12","3-10","16-59","3-10","16-59","other",3.96245684607284
"2020-12","1-2","60+","3-10","16-59","other",1.5969495913719
"2020-12","3-10","60+","3-10","16-59","other",1.99261909020333
"2020-12","1-2","12-15","1-2","60+","other",0.497475166721991
"2020-12","3-10","12-15","1-2","60+","other",0.130189040184181
"2020-12","1-2","16-59","1-2","60+","other",0.513589487609302
"2020-12","3-10","16-59","1-2","60+","other",0.134406151127351
"2020-12","1-2","60+","1-2","60+","other",0.793695939209844
"2020-12","3-10","60+","1-2","60+","other",0.207709890736228
"2020-12","1-2","12-15","3-10","60+","other",0.628004314548276
"2020-12","3-10","12-15","3-10","60+","other",0.78360230821308
"2020-12","1-2","16-59","3-10","60+","other",0.648346763217481
"2020-12","3-10","16-59","3-10","60+","other",0.808984920024212
"2020-12","1-2","60+","3-10","60+","other",0.897699597782713
"2020-12","3-10","60+","3-10","60+","other",1.12011886002801
"2021-01","1-2","12-15","1-2","12-15","home",1.14073868473602
"2021-01","3-10","12-15","1-2","12-15","home",0
"2021-01","1-2","16-59","1-2","12-15","home",0.179280512969427
"2021-01","3-10","16-59","1-2","12-15","home",0
"2021-01","1-2","60+","1-2","12-15","home",0.166361907223304
"2021-01","3-10","60+","1-2","12-15","home",0
"2021-01","1-2","12-15","3-10","12-15","home",0
"2021-01","3-10","12-15","3-10","12-15","home",0.954919875538448
"2021-01","1-2","16-59","3-10","12-15","home",0
"2021-01","3-10","16-59","3-10","12-15","home",0.135780726398448
"2021-01","1-2","60+","3-10","12-15","home",0
"2021-01","3-10","60+","3-10","12-15","home",0.125996630831058
"2021-01","1-2","12-15","1-2","16-59","home",2.23646830464668
"2021-01","3-10","12-15","1-2","16-59","home",0
"2021-01","1-2","16-59","1-2","16-59","home",3.02439961806142
"2021-01","3-10","16-59","1-2","16-59","home",0
"2021-01","1-2","60+","1-2","16-59","home",1.96867950700917
"2021-01","3-10","60+","1-2","16-59","home",0
"2021-01","1-2","12-15","3-10","16-59","home",0
"2021-01","3-10","12-15","3-10","16-59","home",1.81040012756372
"2021-01","1-2","16-59","3-10","16-59","home",0
"2021-01","3-10","16-59","3-10","16-59","home",2.48745225213448
"2021-01","1-2","60+","3-10","16-59","home",0
"2021-01","3-10","60+","3-10","16-59","home",1.59362760617551
"2021-01","1-2","12-15","1-2","60+","home",0.664528502333971
"2021-01","3-10","12-15","1-2","60+","home",0
"2021-01","1-2","16-59","1-2","60+","home",0.63038385450581
"2021-01","3-10","16-59","1-2","60+","home",0
"2021-01","1-2","60+","1-2","60+","home",1.42274736317266
"2021-01","3-10","60+","1-2","60+","home",0
"2021-01","1-2","12-15","3-10","60+","home",0
"2021-01","3-10","12-15","3-10","60+","home",0.68204262218558
"2021-01","1-2","16-59","3-10","60+","home",0
"2021-01","3-10","16-59","3-10","60+","home",0.646998067954228
"2021-01","1-2","60+","3-10","60+","home",0
"2021-01","3-10","60+","3-10","60+","home",1.31496030842722
"2021-01","1-2","12-15","1-2","12-15","other",0.667753212651008
"2021-01","3-10","12-15","1-2","12-15","other",0.157276955510154
"2021-01","1-2","16-59","1-2","12-15","other",0.147219188168748
"2021-01","3-10","16-59","1-2","12-15","other",0.0346747649718285
"2021-01","1-2","60+","1-2","12-15","other",0.0960411499247856
"2021-01","3-10","60+","1-2","12-15","other",0.0226207218141217
"2021-01","1-2","12-15","3-10","12-15","other",0.608779059727172
"2021-01","3-10","12-15","3-10","12-15","other",0.687851723396962
"2021-01","1-2","16-59","3-10","12-15","other",0.123426628921596
"2021-01","3-10","16-59","3-10","12-15","other",0.139458179548497
"2021-01","1-2","60+","3-10","12-15","other",0.0805196355204891
"2021-01","3-10","60+","3-10","12-15","other",0.0909781129542877
"2021-01","1-2","12-15","1-2","16-59","other",1.83651330934873
"2021-01","3-10","12-15","1-2","16-59","other",0.432556843720054
"2021-01","1-2","16-59","1-2","16-59","other",2.43816606502065
"2021-01","3-10","16-59","1-2","16-59","other",0.574265055516901
"2021-01","1-2","60+","1-2","16-59","other",1.23689186289243
"2021-01","3-10","60+","1-2","16-59","other",0.291327069350508
"2021-01","1-2","12-15","3-10","16-59","other",1.64567969749034
"2021-01","3-10","12-15","3-10","16-59","other",1.85943257737122
"2021-01","1-2","16-59","3-10","16-59","other",2.20405903349883
"2021-01","3-10","16-59","3-10","16-59","other",2.4903382934036
"2021-01","1-2","60+","3-10","16-59","other",1.10836540981831
"2021-01","3-10","60+","3-10","16-59","other",1.25232799176564
"2021-01","1-2","12-15","1-2","60+","other",0.38363398561116
"2021-01","3-10","12-15","1-2","60+","other",0.090357910892873
"2021-01","1-2","16-59","1-2","60+","other",0.396060738866305
"2021-01","3-10","16-59","1-2","60+","other",0.0932848034660824
"2021-01","1-2","60+","1-2","60+","other",0.612068213432301
"2021-01","3-10","60+","1-2","60+","other",0.14416138080564
"2021-01","1-2","12-15","3-10","60+","other",0.435867395704081
"2021-01","3-10","12-15","3-10","60+","other",0.492481031528844
"2021-01","1-2","16-59","3-10","60+","other",0.449986104633761
"2021-01","3-10","16-59","3-10","60+","other",0.508433581332008
"2021-01","1-2","60+","3-10","60+","other",0.623049836992917
"2021-01","3-10","60+","3-10","60+","other",0.703976093280605
