FSA,agegrp,pop_agefsa,decile
K0A,<16,20042.4,9
K0A,16-39,31739.6,9
K0A,40-44,7015,9
K0A,45-49,7611,9
K0A,50-54,8333,9
K0A,55-59,10120,9
K0A,60-64,8665,9
K0A,65-69,6893,9
K0A,70-74,5549,9
K0A,75-79,3551,9
K0A,80+,3608,9
K0B,<16,3143.2,9
K0B,16-39,5594.8,9
K0B,40-44,1149,9
K0B,45-49,1273,9
K0B,50-54,1640,9
K0B,55-59,2099,9
K0B,60-64,1997,9
K0B,65-69,1595,9
K0B,70-74,1319,9
K0B,75-79,981,9
K0B,80+,1029,9
K0C,<16,8647.4,9
K0C,16-39,13942.6,9
K0C,40-44,2944,9
K0C,45-49,3260,9
K0C,50-54,3730,9
K0C,55-59,4950,9
K0C,60-64,4632,9
K0C,65-69,3923,9
K0C,70-74,3286,9
K0C,75-79,2260,9
K0C,80+,2864,9
K0E,<16,6190,10
K0E,16-39,10229,10
K0E,40-44,2173,10
K0E,45-49,2462,10
K0E,50-54,2971,10
K0E,55-59,3698,10
K0E,60-64,3552,10
K0E,65-69,3052,10
K0E,70-74,2735,10
K0E,75-79,1736,10
K0E,80+,1743,10
K0G,<16,6059.4,9
K0G,16-39,10018.6,9
K0G,40-44,2083,9
K0G,45-49,2447,9
K0G,50-54,2819,9
K0G,55-59,3765,9
K0G,60-64,3612,9
K0G,65-69,3272,9
K0G,70-74,2660,9
K0G,75-79,1641,9
K0G,80+,1741,9
K0H,<16,6706.6,10
K0H,16-39,11356.4,10
K0H,40-44,2362,10
K0H,45-49,2758,10
K0H,50-54,3324,10
K0H,55-59,4419,10
K0H,60-64,4353,10
K0H,65-69,3717,10
K0H,70-74,3045,10
K0H,75-79,1969,10
K0H,80+,2034,10
K0J,<16,5142.4,9
K0J,16-39,8200.6,9
K0J,40-44,1754,9
K0J,45-49,1905,9
K0J,50-54,2202,9
K0J,55-59,3127,9
K0J,60-64,3321,9
K0J,65-69,2984,9
K0J,70-74,2431,9
K0J,75-79,1666,9
K0J,80+,1944,9
K0K,<16,17848.6,10
K0K,16-39,29853.4,10
K0K,40-44,6196,10
K0K,45-49,6832,10
K0K,50-54,7740,10
K0K,55-59,10917,10
K0K,60-64,10776,10
K0K,65-69,9619,10
K0K,70-74,8288,10
K0K,75-79,5078,10
K0K,80+,5975,10
K0L,<16,10677.8,10
K0L,16-39,18635.2,10
K0L,40-44,3770,10
K0L,45-49,4076,10
K0L,50-54,5040,10
K0L,55-59,7121,10
K0L,60-64,7765,10
K0L,65-69,6963,10
K0L,70-74,5705,10
K0L,75-79,3669,10
K0L,80+,4083,10
K0M,<16,6350.2,9
K0M,16-39,11886.8,9
K0M,40-44,2342,9
K0M,45-49,2623,9
K0M,50-54,3277,9
K0M,55-59,5033,9
K0M,60-64,5559,9
K0M,65-69,5144,9
K0M,70-74,4340,9
K0M,75-79,2895,9
K0M,80+,3366,9
K1B,<16,3617.6,7
K1B,16-39,6158.4,7
K1B,40-44,1206,7
K1B,45-49,1165,7
K1B,50-54,1186,7
K1B,55-59,1347,7
K1B,60-64,1173,7
K1B,65-69,1003,7
K1B,70-74,861,7
K1B,75-79,628,7
K1B,80+,722,7
K1C,<16,6239.6,7
K1C,16-39,11523.4,7
K1C,40-44,2375,7
K1C,45-49,2447,7
K1C,50-54,2505,7
K1C,55-59,3156,7
K1C,60-64,3289,7
K1C,65-69,2818,7
K1C,70-74,2401,7
K1C,75-79,1447,7
K1C,80+,1663,7
K1E,<16,2285.2,8
K1E,16-39,4590.8,8
K1E,40-44,883,8
K1E,45-49,900,8
K1E,50-54,986,8
K1E,55-59,1304,8
K1E,60-64,1432,8
K1E,65-69,1174,8
K1E,70-74,982,8
K1E,75-79,599,8
K1E,80+,573,8
K1G,<16,5764.4,4
K1G,16-39,12607.6,4
K1G,40-44,2128,4
K1G,45-49,2116,4
K1G,50-54,2247,4
K1G,55-59,2640,4
K1G,60-64,2433,4
K1G,65-69,1812,4
K1G,70-74,1423,4
K1G,75-79,1072,4
K1G,80+,2257,4
K1H,<16,2714.6,8
K1H,16-39,4717.4,8
K1H,40-44,1034,8
K1H,45-49,1015,8
K1H,50-54,1087,8
K1H,55-59,1234,8
K1H,60-64,1133,8
K1H,65-69,986,8
K1H,70-74,929,8
K1H,75-79,664,8
K1H,80+,1167,8
K1J,<16,5040.6,4
K1J,16-39,9002.4,4
K1J,40-44,1928,4
K1J,45-49,1964,4
K1J,50-54,1923,4
K1J,55-59,1983,4
K1J,60-64,1892,4
K1J,65-69,1590,4
K1J,70-74,1464,4
K1J,75-79,1173,4
K1J,80+,1555,4
K1K,<16,5397,4
K1K,16-39,10148,4
K1K,40-44,2150,4
K1K,45-49,2004,4
K1K,50-54,2365,4
K1K,55-59,2502,4
K1K,60-64,2412,4
K1K,65-69,1864,4
K1K,70-74,1612,4
K1K,75-79,1288,4
K1K,80+,1966,4
K1L,<16,2306,5
K1L,16-39,6412,5
K1L,40-44,1207,5
K1L,45-49,1121,5
K1L,50-54,1144,5
K1L,55-59,1435,5
K1L,60-64,1382,5
K1L,65-69,1085,5
K1L,70-74,925,5
K1L,75-79,648,5
K1L,80+,894,5
K1M,<16,990.2,7
K1M,16-39,1914.8,7
K1M,40-44,450,7
K1M,45-49,491,7
K1M,50-54,556,7
K1M,55-59,530,7
K1M,60-64,496,7
K1M,65-69,487,7
K1M,70-74,522,7
K1M,75-79,375,7
K1M,80+,522,7
K1N,<16,2811,4
K1N,16-39,11429,4
K1N,40-44,1785,4
K1N,45-49,1666,4
K1N,50-54,1675,4
K1N,55-59,1712,4
K1N,60-64,1441,4
K1N,65-69,1224,4
K1N,70-74,1121,4
K1N,75-79,804,4
K1N,80+,1230,4
K1R,<16,1936.6,1
K1R,16-39,8980.4,1
K1R,40-44,1541,1
K1R,45-49,1349,1
K1R,50-54,1293,1
K1R,55-59,1309,1
K1R,60-64,1111,1
K1R,65-69,832,1
K1R,70-74,712,1
K1R,75-79,441,1
K1R,80+,663,1
K1S,<16,4402.8,8
K1S,16-39,10605.2,8
K1S,40-44,2049,8
K1S,45-49,2109,8
K1S,50-54,2185,8
K1S,55-59,2070,8
K1S,60-64,1796,8
K1S,65-69,1610,8
K1S,70-74,1570,8
K1S,75-79,935,8
K1S,80+,1155,8
K1T,<16,8490.6,3
K1T,16-39,13637.4,3
K1T,40-44,2604,3
K1T,45-49,2693,3
K1T,50-54,2808,3
K1T,55-59,2963,3
K1T,60-64,2344,3
K1T,65-69,1663,3
K1T,70-74,1196,3
K1T,75-79,705,3
K1T,80+,953,3
K1V,<16,11651,4
K1V,16-39,19494,4
K1V,40-44,3905,4
K1V,45-49,3932,4
K1V,50-54,3854,4
K1V,55-59,3859,4
K1V,60-64,3223,4
K1V,65-69,2690,4
K1V,70-74,2475,4
K1V,75-79,1731,4
K1V,80+,2597,4
K1W,<16,2527.6,4
K1W,16-39,4197.4,4
K1W,40-44,896,4
K1W,45-49,912,4
K1W,50-54,966,4
K1W,55-59,1006,4
K1W,60-64,656,4
K1W,65-69,499,4
K1W,70-74,390,4
K1W,75-79,236,4
K1W,80+,292,4
K1X,<16,325,5
K1X,16-39,521,5
K1X,40-44,140,5
K1X,45-49,126,5
K1X,50-54,101,5
K1X,55-59,130,5
K1X,60-64,108,5
K1X,65-69,66,5
K1X,70-74,44,5
K1X,75-79,48,5
K1X,80+,50,5
K1Y,<16,3336.6,9
K1Y,16-39,7373.4,9
K1Y,40-44,1653,9
K1Y,45-49,1474,9
K1Y,50-54,1447,9
K1Y,55-59,1540,9
K1Y,60-64,1294,9
K1Y,65-69,1190,9
K1Y,70-74,959,9
K1Y,75-79,579,9
K1Y,80+,768,9
K1Z,<16,4017.6,5
K1Z,16-39,8259.4,5
K1Z,40-44,1678,5
K1Z,45-49,1588,5
K1Z,50-54,1450,5
K1Z,55-59,1707,5
K1Z,60-64,1515,5
K1Z,65-69,1201,5
K1Z,70-74,950,5
K1Z,75-79,562,5
K1Z,80+,779,5
K2A,<16,2785.6,9
K2A,16-39,4733.4,9
K2A,40-44,1144,9
K2A,45-49,1280,9
K2A,50-54,1275,9
K2A,55-59,1426,9
K2A,60-64,1276,9
K2A,65-69,1137,9
K2A,70-74,1033,9
K2A,75-79,683,9
K2A,80+,1379,9
K2B,<16,5734,4
K2B,16-39,11748,4
K2B,40-44,2097,4
K2B,45-49,2026,4
K2B,50-54,2032,4
K2B,55-59,2430,4
K2B,60-64,2186,4
K2B,65-69,1928,4
K2B,70-74,1704,4
K2B,75-79,1278,4
K2B,80+,2277,4
K2C,<16,4251.8,6
K2C,16-39,10200.2,6
K2C,40-44,1744,6
K2C,45-49,1737,6
K2C,50-54,1853,6
K2C,55-59,2061,6
K2C,60-64,1798,6
K2C,65-69,1420,6
K2C,70-74,1251,6
K2C,75-79,888,6
K2C,80+,1919,6
K2E,<16,3320.2,6
K2E,16-39,6648.8,6
K2E,40-44,1091,6
K2E,45-49,1110,6
K2E,50-54,1212,6
K2E,55-59,1342,6
K2E,60-64,1268,6
K2E,65-69,1057,6
K2E,70-74,960,6
K2E,75-79,796,6
K2E,80+,1383,6
K2G,<16,9119,6
K2G,16-39,16863,6
K2G,40-44,3168,6
K2G,45-49,3836,6
K2G,50-54,3886,6
K2G,55-59,3907,6
K2G,60-64,3176,6
K2G,65-69,2513,6
K2G,70-74,2144,6
K2G,75-79,1565,6
K2G,80+,2476,6
K2H,<16,4172.8,7
K2H,16-39,8093.2,7
K2H,40-44,1645,7
K2H,45-49,1724,7
K2H,50-54,1834,7
K2H,55-59,2272,7
K2H,60-64,2079,7
K2H,65-69,1580,7
K2H,70-74,1419,7
K2H,75-79,1147,7
K2H,80+,1891,7
K2J,<16,17968.2,7
K2J,16-39,25931.8,7
K2J,40-44,6318,7
K2J,45-49,6516,7
K2J,50-54,5699,7
K2J,55-59,5391,7
K2J,60-64,4210,7
K2J,65-69,3135,7
K2J,70-74,2399,7
K2J,75-79,1468,7
K2J,80+,1735,7
K2K,<16,4675.2,9
K2K,16-39,7373.8,9
K2K,40-44,1681,9
K2K,45-49,2018,9
K2K,50-54,1995,9
K2K,55-59,2100,9
K2K,60-64,1550,9
K2K,65-69,1288,9
K2K,70-74,1257,9
K2K,75-79,1007,9
K2K,80+,1648,9
K2L,<16,3308.4,8
K2L,16-39,6155.6,8
K2L,40-44,1254,8
K2L,45-49,1252,8
K2L,50-54,1269,8
K2L,55-59,1550,8
K2L,60-64,1583,8
K2L,65-69,1307,8
K2L,70-74,1069,8
K2L,75-79,621,8
K2L,80+,698,8
K2M,<16,6571.6,9
K2M,16-39,10105.4,9
K2M,40-44,2267,9
K2M,45-49,2253,9
K2M,50-54,2324,9
K2M,55-59,2220,9
K2M,60-64,1612,9
K2M,65-69,1151,9
K2M,70-74,982,9
K2M,75-79,621,9
K2M,80+,782,9
K2P,<16,1156,8
K2P,16-39,9209,8
K2P,40-44,1374,8
K2P,45-49,1168,8
K2P,50-54,1145,8
K2P,55-59,1225,8
K2P,60-64,1039,8
K2P,65-69,913,8
K2P,70-74,712,8
K2P,75-79,512,8
K2P,80+,572,8
K2R,<16,200.8,8
K2R,16-39,360.2,8
K2R,40-44,65,8
K2R,45-49,66,8
K2R,50-54,113,8
K2R,55-59,124,8
K2R,60-64,108,8
K2R,65-69,100,8
K2R,70-74,75,8
K2R,75-79,59,8
K2R,80+,66,8
K2S,<16,7609,8
K2S,16-39,11261,8
K2S,40-44,2590,8
K2S,45-49,2868,8
K2S,50-54,2697,8
K2S,55-59,2806,8
K2S,60-64,2051,8
K2S,65-69,1595,8
K2S,70-74,1376,8
K2S,75-79,934,8
K2S,80+,1435,8
K2T,<16,2815.4,9
K2T,16-39,3382.6,9
K2T,40-44,1017,9
K2T,45-49,1185,9
K2T,50-54,964,9
K2T,55-59,849,9
K2T,60-64,497,9
K2T,65-69,376,9
K2T,70-74,382,9
K2T,75-79,295,9
K2T,80+,368,9
K2V,<16,1138,3
K2V,16-39,1734,3
K2V,40-44,392,3
K2V,45-49,325,3
K2V,50-54,279,3
K2V,55-59,279,3
K2V,60-64,211,3
K2V,65-69,174,3
K2V,70-74,121,3
K2V,75-79,87,3
K2V,80+,60,3
K2W,<16,2262.4,8
K2W,16-39,2514.6,8
K2W,40-44,834,8
K2W,45-49,940,8
K2W,50-54,747,8
K2W,55-59,628,8
K2W,60-64,406,8
K2W,65-69,293,8
K2W,70-74,247,8
K2W,75-79,168,8
K2W,80+,152,8
K4A,<16,13086.2,5
K4A,16-39,20471.8,5
K4A,40-44,4881,5
K4A,45-49,4784,5
K4A,50-54,4424,5
K4A,55-59,4528,5
K4A,60-64,3683,5
K4A,65-69,2702,5
K4A,70-74,2089,5
K4A,75-79,1134,5
K4A,80+,1109,5
K4B,<16,741.2,8
K4B,16-39,1364.8,8
K4B,40-44,281,8
K4B,45-49,384,8
K4B,50-54,406,8
K4B,55-59,520,8
K4B,60-64,428,8
K4B,65-69,298,8
K4B,70-74,212,8
K4B,75-79,179,8
K4B,80+,135,8
K4C,<16,689.4,6
K4C,16-39,1199.6,6
K4C,40-44,302,6
K4C,45-49,345,6
K4C,50-54,387,6
K4C,55-59,446,6
K4C,60-64,410,6
K4C,65-69,306,6
K4C,70-74,303,6
K4C,75-79,169,6
K4C,80+,135,6
K4K,<16,3052.2,8
K4K,16-39,4850.8,8
K4K,40-44,1051,8
K4K,45-49,1111,8
K4K,50-54,1166,8
K4K,55-59,1427,8
K4K,60-64,1316,8
K4K,65-69,1078,8
K4K,70-74,870,8
K4K,75-79,606,8
K4K,80+,628,8
K4M,<16,2395.4,8
K4M,16-39,3713.6,8
K4M,40-44,892,8
K4M,45-49,909,8
K4M,50-54,1052,8
K4M,55-59,1079,8
K4M,60-64,946,8
K4M,65-69,851,8
K4M,70-74,761,8
K4M,75-79,454,8
K4M,80+,485,8
K4P,<16,2020.6,8
K4P,16-39,2819.4,8
K4P,40-44,688,8
K4P,45-49,841,8
K4P,50-54,902,8
K4P,55-59,1028,8
K4P,60-64,777,8
K4P,65-69,549,8
K4P,70-74,406,8
K4P,75-79,244,8
K4P,80+,335,8
K4R,<16,1641.8,8
K4R,16-39,2462.2,8
K4R,40-44,493,8
K4R,45-49,520,8
K4R,50-54,601,8
K4R,55-59,710,8
K4R,60-64,594,8
K4R,65-69,458,8
K4R,70-74,329,8
K4R,75-79,205,8
K4R,80+,250,8
K6A,<16,1644.2,8
K6A,16-39,3019.8,8
K6A,40-44,690,8
K6A,45-49,825,8
K6A,50-54,935,8
K6A,55-59,1214,8
K6A,60-64,1227,8
K6A,65-69,1180,8
K6A,70-74,988,8
K6A,75-79,767,8
K6A,80+,964,8
K6H,<16,5875.4,6
K6H,16-39,9632.6,6
K6H,40-44,1856,6
K6H,45-49,1767,6
K6H,50-54,2036,6
K6H,55-59,2664,6
K6H,60-64,2638,6
K6H,65-69,2248,6
K6H,70-74,2006,6
K6H,75-79,1342,6
K6H,80+,1997,6
K6J,<16,2892.6,7
K6J,16-39,5065.4,7
K6J,40-44,972,7
K6J,45-49,957,7
K6J,50-54,1062,7
K6J,55-59,1429,7
K6J,60-64,1365,7
K6J,65-69,1199,7
K6J,70-74,1112,7
K6J,75-79,799,7
K6J,80+,1277,7
K6K,<16,594.4,9
K6K,16-39,902.6,9
K6K,40-44,219,9
K6K,45-49,210,9
K6K,50-54,219,9
K6K,55-59,249,9
K6K,60-64,239,9
K6K,65-69,228,9
K6K,70-74,241,9
K6K,75-79,156,9
K6K,80+,145,9
K6V,<16,3821.6,10
K6V,16-39,7525.4,10
K6V,40-44,1542,10
K6V,45-49,1753,10
K6V,50-54,1959,10
K6V,55-59,2498,10
K6V,60-64,2529,10
K6V,65-69,2232,10
K6V,70-74,2065,10
K6V,75-79,1556,10
K6V,80+,2284,10
K7A,<16,2875.8,9
K7A,16-39,4924.2,9
K7A,40-44,916,9
K7A,45-49,992,9
K7A,50-54,1131,9
K7A,55-59,1558,9
K7A,60-64,1442,9
K7A,65-69,1331,9
K7A,70-74,1138,9
K7A,75-79,738,9
K7A,80+,876,9
K7C,<16,3414.4,9
K7C,16-39,5648.6,9
K7C,40-44,1166,9
K7C,45-49,1341,9
K7C,50-54,1321,9
K7C,55-59,1736,9
K7C,60-64,1510,9
K7C,65-69,1263,9
K7C,70-74,1030,9
K7C,75-79,627,9
K7C,80+,815,9
K7G,<16,1075.4,8
K7G,16-39,2098.6,8
K7G,40-44,438,8
K7G,45-49,477,8
K7G,50-54,603,8
K7G,55-59,812,8
K7G,60-64,794,8
K7G,65-69,738,8
K7G,70-74,636,8
K7G,75-79,466,8
K7G,80+,651,8
K7H,<16,2096,9
K7H,16-39,3891,9
K7H,40-44,704,9
K7H,45-49,841,9
K7H,50-54,1062,9
K7H,55-59,1471,9
K7H,60-64,1437,9
K7H,65-69,1429,9
K7H,70-74,1290,9
K7H,75-79,906,9
K7H,80+,1280,9
K7K,<16,5875,9
K7K,16-39,11828,9
K7K,40-44,2015,9
K7K,45-49,1882,9
K7K,50-54,1952,9
K7K,55-59,2427,9
K7K,60-64,2214,9
K7K,65-69,1718,9
K7K,70-74,1312,9
K7K,75-79,924,9
K7K,80+,1266,9
K7L,<16,1977,8
K7L,16-39,6310,8
K7L,40-44,892,8
K7L,45-49,883,8
K7L,50-54,1025,8
K7L,55-59,1262,8
K7L,60-64,1291,8
K7L,65-69,1220,8
K7L,70-74,1171,8
K7L,75-79,886,8
K7L,80+,1265,8
K7M,<16,7170.6,9
K7M,16-39,14595.4,9
K7M,40-44,2845,9
K7M,45-49,2730,9
K7M,50-54,2957,9
K7M,55-59,3644,9
K7M,60-64,3280,9
K7M,65-69,2952,9
K7M,70-74,2839,9
K7M,75-79,2162,9
K7M,80+,3460,9
K7N,<16,1624.6,10
K7N,16-39,2570.4,10
K7N,40-44,618,10
K7N,45-49,527,10
K7N,50-54,520,10
K7N,55-59,569,10
K7N,60-64,456,10
K7N,65-69,514,10
K7N,70-74,462,10
K7N,75-79,299,10
K7N,80+,370,10
K7P,<16,4526.6,9
K7P,16-39,7355.4,9
K7P,40-44,1625,9
K7P,45-49,1668,9
K7P,50-54,1647,9
K7P,55-59,1672,9
K7P,60-64,1549,9
K7P,65-69,1331,9
K7P,70-74,1151,9
K7P,75-79,763,9
K7P,80+,1070,9
K7R,<16,2255.8,10
K7R,16-39,3915.2,10
K7R,40-44,791,10
K7R,45-49,944,10
K7R,50-54,1015,10
K7R,55-59,1307,10
K7R,60-64,1243,10
K7R,65-69,1162,10
K7R,70-74,1022,10
K7R,75-79,711,10
K7R,80+,961,10
K7S,<16,2167.8,10
K7S,16-39,3753.2,10
K7S,40-44,744,10
K7S,45-49,830,10
K7S,50-54,837,10
K7S,55-59,1232,10
K7S,60-64,1166,10
K7S,65-69,1077,10
K7S,70-74,942,10
K7S,75-79,594,10
K7S,80+,880,10
K7V,<16,2015.6,10
K7V,16-39,3465.4,10
K7V,40-44,779,10
K7V,45-49,800,10
K7V,50-54,886,10
K7V,55-59,1278,10
K7V,60-64,1257,10
K7V,65-69,1156,10
K7V,70-74,1021,10
K7V,75-79,640,10
K7V,80+,965,10
K8A,<16,4547.2,9
K8A,16-39,7631.8,9
K8A,40-44,1442,9
K8A,45-49,1452,9
K8A,50-54,1696,9
K8A,55-59,2295,9
K8A,60-64,2156,9
K8A,65-69,1800,9
K8A,70-74,1512,9
K8A,75-79,1161,9
K8A,80+,1723,9
K8H,<16,4135.4,9
K8H,16-39,4336.6,9
K8H,40-44,668,9
K8H,45-49,667,9
K8H,50-54,642,9
K8H,55-59,714,9
K8H,60-64,563,9
K8H,65-69,409,9
K8H,70-74,367,9
K8H,75-79,233,9
K8H,80+,252,9
K8N,<16,4794,10
K8N,16-39,8366,10
K8N,40-44,1752,10
K8N,45-49,1780,10
K8N,50-54,1854,10
K8N,55-59,2562,10
K8N,60-64,2383,10
K8N,65-69,2232,10
K8N,70-74,1948,10
K8N,75-79,1404,10
K8N,80+,1971,10
K8P,<16,3612.8,9
K8P,16-39,6873.2,9
K8P,40-44,1321,9
K8P,45-49,1285,9
K8P,50-54,1385,9
K8P,55-59,1712,9
K8P,60-64,1623,9
K8P,65-69,1331,9
K8P,70-74,1201,9
K8P,75-79,903,9
K8P,80+,1587,9
K8R,<16,290.4,9
K8R,16-39,492.6,9
K8R,40-44,97,9
K8R,45-49,90,9
K8R,50-54,118,9
K8R,55-59,141,9
K8R,60-64,122,9
K8R,65-69,114,9
K8R,70-74,106,9
K8R,75-79,57,9
K8R,80+,61,9
K8V,<16,5183.6,10
K8V,16-39,8164.4,10
K8V,40-44,1567,10
K8V,45-49,1512,10
K8V,50-54,1843,10
K8V,55-59,2354,10
K8V,60-64,2291,10
K8V,65-69,1834,10
K8V,70-74,1523,10
K8V,75-79,1095,10
K8V,80+,1541,10
K9A,<16,3646,9
K9A,16-39,6847,9
K9A,40-44,1337,9
K9A,45-49,1497,9
K9A,50-54,1669,9
K9A,55-59,2277,9
K9A,60-64,2266,9
K9A,65-69,2191,9
K9A,70-74,2146,9
K9A,75-79,1564,9
K9A,80+,2376,9
K9H,<16,4516,9
K9H,16-39,9577,9
K9H,40-44,1642,9
K9H,45-49,1566,9
K9H,50-54,1645,9
K9H,55-59,2025,9
K9H,60-64,1940,9
K9H,65-69,1810,9
K9H,70-74,1678,9
K9H,75-79,1253,9
K9H,80+,2119,9
K9J,<16,7099.4,9
K9J,16-39,14001.6,9
K9J,40-44,2570,9
K9J,45-49,2435,9
K9J,50-54,2665,9
K9J,55-59,3436,9
K9J,60-64,3411,9
K9J,65-69,3066,9
K9J,70-74,2557,9
K9J,75-79,1757,9
K9J,80+,2706,9
K9K,<16,2077.2,9
K9K,16-39,3826.8,9
K9K,40-44,763,9
K9K,45-49,842,9
K9K,50-54,858,9
K9K,55-59,947,9
K9K,60-64,1007,9
K9K,65-69,907,9
K9K,70-74,847,9
K9K,75-79,615,9
K9K,80+,1119,9
K9L,<16,1354.2,10
K9L,16-39,2314.8,10
K9L,40-44,477,10
K9L,45-49,437,10
K9L,50-54,444,10
K9L,55-59,601,10
K9L,60-64,605,10
K9L,65-69,539,10
K9L,70-74,525,10
K9L,75-79,341,10
K9L,80+,357,10
K9V,<16,4189.4,10
K9V,16-39,7979.6,10
K9V,40-44,1466,10
K9V,45-49,1496,10
K9V,50-54,1778,10
K9V,55-59,2274,10
K9V,60-64,2304,10
K9V,65-69,2149,10
K9V,70-74,2028,10
K9V,75-79,1578,10
K9V,80+,2488,10
L0A,<16,2590,10
L0A,16-39,4365,10
L0A,40-44,970,10
L0A,45-49,1026,10
L0A,50-54,1076,10
L0A,55-59,1390,10
L0A,60-64,1202,10
L0A,65-69,950,10
L0A,70-74,773,10
L0A,75-79,457,10
L0A,80+,513,10
L0B,<16,2365.2,8
L0B,16-39,4608.8,8
L0B,40-44,960,8
L0B,45-49,945,8
L0B,50-54,1200,8
L0B,55-59,1616,8
L0B,60-64,1459,8
L0B,65-69,1035,8
L0B,70-74,836,8
L0B,75-79,552,8
L0B,80+,548,8
L0C,<16,1653.8,8
L0C,16-39,2903.2,8
L0C,40-44,562,8
L0C,45-49,606,8
L0C,50-54,745,8
L0C,55-59,932,8
L0C,60-64,839,8
L0C,65-69,614,8
L0C,70-74,537,8
L0C,75-79,333,8
L0C,80+,331,8
L0E,<16,3603.8,8
L0E,16-39,6499.2,8
L0E,40-44,1272,8
L0E,45-49,1358,8
L0E,50-54,1602,8
L0E,55-59,2057,8
L0E,60-64,1948,8
L0E,65-69,1528,8
L0E,70-74,1164,8
L0E,75-79,732,8
L0E,80+,933,8
L0G,<16,8082.4,4
L0G,16-39,14095.6,4
L0G,40-44,2831,4
L0G,45-49,3114,4
L0G,50-54,3538,4
L0G,55-59,3919,4
L0G,60-64,3179,4
L0G,65-69,2382,4
L0G,70-74,1969,4
L0G,75-79,1280,4
L0G,80+,1625,4
L0H,<16,309.8,6
L0H,16-39,611.2,6
L0H,40-44,110,6
L0H,45-49,138,6
L0H,50-54,139,6
L0H,55-59,177,6
L0H,60-64,186,6
L0H,65-69,127,6
L0H,70-74,108,6
L0H,75-79,63,6
L0H,80+,94,6
L0J,<16,839.6,2
L0J,16-39,1562.4,2
L0J,40-44,286,2
L0J,45-49,434,2
L0J,50-54,517,2
L0J,55-59,470,2
L0J,60-64,318,2
L0J,65-69,222,2
L0J,70-74,174,2
L0J,75-79,132,2
L0J,80+,345,2
L0K,<16,5187.8,9
L0K,16-39,9915.2,9
L0K,40-44,1989,9
L0K,45-49,2212,9
L0K,50-54,2620,9
L0K,55-59,3627,9
L0K,60-64,3566,9
L0K,65-69,3100,9
L0K,70-74,2469,9
L0K,75-79,1550,9
L0K,80+,1617,9
L0L,<16,7344.2,9
L0L,16-39,12479.8,9
L0L,40-44,2686,9
L0L,45-49,2987,9
L0L,50-54,3218,9
L0L,55-59,4187,9
L0L,60-64,3708,9
L0L,65-69,2915,9
L0L,70-74,2245,9
L0L,75-79,1488,9
L0L,80+,1530,9
L0M,<16,7494.4,8
L0M,16-39,11979.6,8
L0M,40-44,2333,8
L0M,45-49,2504,8
L0M,50-54,2742,8
L0M,55-59,3044,8
L0M,60-64,2523,8
L0M,65-69,1810,8
L0M,70-74,1507,8
L0M,75-79,932,8
L0M,80+,1031,8
L0N,<16,504.2,5
L0N,16-39,1030.8,5
L0N,40-44,172,5
L0N,45-49,246,5
L0N,50-54,336,5
L0N,55-59,331,5
L0N,60-64,270,5
L0N,65-69,190,5
L0N,70-74,178,5
L0N,75-79,142,5
L0N,80+,273,5
L0P,<16,1260.8,5
L0P,16-39,2301.2,5
L0P,40-44,487,5
L0P,45-49,583,5
L0P,50-54,714,5
L0P,55-59,806,5
L0P,60-64,673,5
L0P,65-69,558,5
L0P,70-74,417,5
L0P,75-79,305,5
L0P,80+,288,5
L0R,<16,18470,5
L0R,16-39,26506,5
L0R,40-44,5973,5
L0R,45-49,5883,5
L0R,50-54,5941,5
L0R,55-59,6588,5
L0R,60-64,5707,5
L0R,65-69,4705,5
L0R,70-74,4216,5
L0R,75-79,3025,5
L0R,80+,3884,5
L0S,<16,8119.8,8
L0S,16-39,14242.2,8
L0S,40-44,3048,8
L0S,45-49,3555,8
L0S,50-54,4038,8
L0S,55-59,5268,8
L0S,60-64,5496,8
L0S,65-69,5264,8
L0S,70-74,4545,8
L0S,75-79,3073,8
L0S,80+,3625,8
L1A,<16,2177.6,9
L1A,16-39,4298.4,9
L1A,40-44,831,9
L1A,45-49,864,9
L1A,50-54,999,9
L1A,55-59,1439,9
L1A,60-64,1286,9
L1A,65-69,1301,9
L1A,70-74,1203,9
L1A,75-79,855,9
L1A,80+,1077,9
L1B,<16,2282.6,8
L1B,16-39,3453.4,8
L1B,40-44,736,8
L1B,45-49,748,8
L1B,50-54,802,8
L1B,55-59,983,8
L1B,60-64,897,8
L1B,65-69,851,8
L1B,70-74,909,8
L1B,75-79,677,8
L1B,80+,729,8
L1C,<16,9902.6,8
L1C,16-39,16543.4,8
L1C,40-44,3486,8
L1C,45-49,3292,8
L1C,50-54,3168,8
L1C,55-59,3331,8
L1C,60-64,2632,8
L1C,65-69,2014,8
L1C,70-74,1614,8
L1C,75-79,1140,8
L1C,80+,1526,8
L1E,<16,5693.2,8
L1E,16-39,9855.8,8
L1E,40-44,2125,8
L1E,45-49,2021,8
L1E,50-54,2164,8
L1E,55-59,2471,8
L1E,60-64,1730,8
L1E,65-69,1218,8
L1E,70-74,938,8
L1E,75-79,631,8
L1E,80+,682,8
L1G,<16,6286.6,7
L1G,16-39,13462.4,7
L1G,40-44,2476,7
L1G,45-49,2326,7
L1G,50-54,2814,7
L1G,55-59,3443,7
L1G,60-64,3070,7
L1G,65-69,2602,7
L1G,70-74,2467,7
L1G,75-79,1771,7
L1G,80+,2891,7
L1H,<16,5282.4,7
L1H,16-39,10897.6,7
L1H,40-44,1948,7
L1H,45-49,2096,7
L1H,50-54,2336,7
L1H,55-59,2886,7
L1H,60-64,2394,7
L1H,65-69,1807,7
L1H,70-74,1410,7
L1H,75-79,1000,7
L1H,80+,1406,7
L1J,<16,7424.2,7
L1J,16-39,14627.8,7
L1J,40-44,2662,7
L1J,45-49,2765,7
L1J,50-54,3087,7
L1J,55-59,3791,7
L1J,60-64,3110,7
L1J,65-69,2358,7
L1J,70-74,1894,7
L1J,75-79,1286,7
L1J,80+,1874,7
L1K,<16,9948.2,6
L1K,16-39,14228.8,6
L1K,40-44,3558,6
L1K,45-49,3495,6
L1K,50-54,2996,6
L1K,55-59,2815,6
L1K,60-64,2101,6
L1K,65-69,1810,6
L1K,70-74,1482,6
L1K,75-79,914,6
L1K,80+,1137,6
L1L,<16,2823.6,4
L1L,16-39,4258.4,4
L1L,40-44,964,4
L1L,45-49,772,4
L1L,50-54,600,4
L1L,55-59,528,4
L1L,60-64,381,4
L1L,65-69,277,4
L1L,70-74,232,4
L1L,75-79,142,4
L1L,80+,128,4
L1M,<16,5942.4,8
L1M,16-39,6538.6,8
L1M,40-44,2212,8
L1M,45-49,2386,8
L1M,50-54,1791,8
L1M,55-59,1278,8
L1M,60-64,840,8
L1M,65-69,668,8
L1M,70-74,627,8
L1M,75-79,435,8
L1M,80+,559,8
L1N,<16,8282.6,6
L1N,16-39,15384.4,6
L1N,40-44,3288,6
L1N,45-49,3325,6
L1N,50-54,3476,6
L1N,55-59,4177,6
L1N,60-64,3611,6
L1N,65-69,2985,6
L1N,70-74,2607,6
L1N,75-79,1799,6
L1N,80+,2769,6
L1P,<16,4124.2,4
L1P,16-39,5984.8,4
L1P,40-44,1408,4
L1P,45-49,1578,4
L1P,50-54,1504,4
L1P,55-59,1357,4
L1P,60-64,926,4
L1P,65-69,742,4
L1P,70-74,528,4
L1P,75-79,351,4
L1P,80+,320,4
L1R,<16,8767.4,5
L1R,16-39,14135.6,5
L1R,40-44,3139,5
L1R,45-49,3397,5
L1R,50-54,3424,5
L1R,55-59,3446,5
L1R,60-64,2404,5
L1R,65-69,1722,5
L1R,70-74,1321,5
L1R,75-79,844,5
L1R,80+,1406,5
L1S,<16,7264.4,3
L1S,16-39,13916.6,3
L1S,40-44,2893,3
L1S,45-49,2758,3
L1S,50-54,3072,3
L1S,55-59,3723,3
L1S,60-64,3221,3
L1S,65-69,2420,3
L1S,70-74,2053,3
L1S,75-79,1323,3
L1S,80+,1760,3
L1T,<16,11197.4,2
L1T,16-39,19680.6,2
L1T,40-44,3876,2
L1T,45-49,3996,2
L1T,50-54,4156,2
L1T,55-59,4550,2
L1T,60-64,3362,2
L1T,65-69,2315,2
L1T,70-74,1683,2
L1T,75-79,1001,2
L1T,80+,1412,2
L1V,<16,9323.4,3
L1V,16-39,17929.6,3
L1V,40-44,3574,3
L1V,45-49,3612,3
L1V,50-54,4224,3
L1V,55-59,4600,3
L1V,60-64,3953,3
L1V,65-69,3156,3
L1V,70-74,2325,3
L1V,75-79,1590,3
L1V,80+,2353,3
L1W,<16,2820.8,5
L1W,16-39,5867.2,5
L1W,40-44,1142,5
L1W,45-49,1199,5
L1W,50-54,1338,5
L1W,55-59,1618,5
L1W,60-64,1344,5
L1W,65-69,1021,5
L1W,70-74,870,5
L1W,75-79,682,5
L1W,80+,838,5
L1X,<16,4477.6,2
L1X,16-39,7780.4,2
L1X,40-44,1482,2
L1X,45-49,1475,2
L1X,50-54,1527,2
L1X,55-59,1661,2
L1X,60-64,1428,2
L1X,65-69,1093,2
L1X,70-74,760,2
L1X,75-79,434,2
L1X,80+,448,2
L1Y,<16,287.2,5
L1Y,16-39,593.8,5
L1Y,40-44,95,5
L1Y,45-49,144,5
L1Y,50-54,158,5
L1Y,55-59,228,5
L1Y,60-64,171,5
L1Y,65-69,137,5
L1Y,70-74,98,5
L1Y,75-79,65,5
L1Y,80+,72,5
L1Z,<16,8680.2,2
L1Z,16-39,11507.8,2
L1Z,40-44,3073,2
L1Z,45-49,2727,2
L1Z,50-54,2270,2
L1Z,55-59,1869,2
L1Z,60-64,1421,2
L1Z,65-69,963,2
L1Z,70-74,785,2
L1Z,75-79,466,2
L1Z,80+,430,2
L2A,<16,2633.6,7
L2A,16-39,4810.4,7
L2A,40-44,968,7
L2A,45-49,1058,7
L2A,50-54,1226,7
L2A,55-59,1475,7
L2A,60-64,1498,7
L2A,65-69,1322,7
L2A,70-74,1127,7
L2A,75-79,750,7
L2A,80+,1084,7
L2E,<16,2611.8,5
L2E,16-39,5741.2,5
L2E,40-44,1209,5
L2E,45-49,1334,5
L2E,50-54,1454,5
L2E,55-59,1653,5
L2E,60-64,1531,5
L2E,65-69,1271,5
L2E,70-74,1147,5
L2E,75-79,859,5
L2E,80+,1435,5
L2G,<16,4326,3
L2G,16-39,8623,3
L2G,40-44,1734,3
L2G,45-49,1832,3
L2G,50-54,2014,3
L2G,55-59,2334,3
L2G,60-64,2272,3
L2G,65-69,1941,3
L2G,70-74,1529,3
L2G,75-79,1079,3
L2G,80+,1620,3
L2H,<16,5244.8,3
L2H,16-39,8384.2,3
L2H,40-44,1982,3
L2H,45-49,2145,3
L2H,50-54,2083,3
L2H,55-59,2189,3
L2H,60-64,1894,3
L2H,65-69,1623,3
L2H,70-74,1376,3
L2H,75-79,855,3
L2H,80+,1035,3
L2J,<16,2083.8,5
L2J,16-39,3938.2,5
L2J,40-44,853,5
L2J,45-49,931,5
L2J,50-54,1047,5
L2J,55-59,1187,5
L2J,60-64,1168,5
L2J,65-69,1113,5
L2J,70-74,1050,5
L2J,75-79,747,5
L2J,80+,1100,5
L2M,<16,5312.6,6
L2M,16-39,9826.4,6
L2M,40-44,2007,6
L2M,45-49,2013,6
L2M,50-54,2246,6
L2M,55-59,2633,6
L2M,60-64,2471,6
L2M,65-69,2157,6
L2M,70-74,1968,6
L2M,75-79,1455,6
L2M,80+,2250,6
L2N,<16,4081.4,6
L2N,16-39,7767.6,6
L2N,40-44,1697,6
L2N,45-49,1771,6
L2N,50-54,1935,6
L2N,55-59,2429,6
L2N,60-64,2340,6
L2N,65-69,2320,6
L2N,70-74,2357,6
L2N,75-79,1799,6
L2N,80+,3186,6
L2P,<16,2573.6,6
L2P,16-39,5175.4,6
L2P,40-44,932,6
L2P,45-49,981,6
L2P,50-54,954,6
L2P,55-59,1125,6
L2P,60-64,1033,6
L2P,65-69,898,6
L2P,70-74,822,6
L2P,75-79,563,6
L2P,80+,578,6
L2R,<16,3979,4
L2R,16-39,9122,4
L2R,40-44,1790,4
L2R,45-49,1665,4
L2R,50-54,1709,4
L2R,55-59,2018,4
L2R,60-64,1819,4
L2R,65-69,1505,4
L2R,70-74,1219,4
L2R,75-79,753,4
L2R,80+,978,4
L2S,<16,3379.8,6
L2S,16-39,6311.2,6
L2S,40-44,1105,6
L2S,45-49,1343,6
L2S,50-54,1420,6
L2S,55-59,1547,6
L2S,60-64,1333,6
L2S,65-69,1075,6
L2S,70-74,903,6
L2S,75-79,702,6
L2S,80+,992,6
L2T,<16,1394.8,5
L2T,16-39,3562.2,5
L2T,40-44,505,5
L2T,45-49,592,5
L2T,50-54,654,5
L2T,55-59,797,5
L2T,60-64,751,5
L2T,65-69,677,5
L2T,70-74,600,5
L2T,75-79,491,5
L2T,80+,841,5
L2V,<16,2990.4,5
L2V,16-39,6362.6,5
L2V,40-44,968,5
L2V,45-49,1201,5
L2V,50-54,1189,5
L2V,55-59,1378,5
L2V,60-64,1260,5
L2V,65-69,953,5
L2V,70-74,697,5
L2V,75-79,528,5
L2V,80+,732,5
L2W,<16,393.4,9
L2W,16-39,676.6,9
L2W,40-44,118,9
L2W,45-49,142,9
L2W,50-54,187,9
L2W,55-59,167,9
L2W,60-64,133,9
L2W,65-69,96,9
L2W,70-74,85,9
L2W,75-79,68,9
L2W,80+,48,9
L3B,<16,3640,7
L3B,16-39,7042,7
L3B,40-44,1392,7
L3B,45-49,1468,7
L3B,50-54,1759,7
L3B,55-59,2031,7
L3B,60-64,1921,7
L3B,65-69,1603,7
L3B,70-74,1342,7
L3B,75-79,892,7
L3B,80+,1307,7
L3C,<16,5109.4,7
L3C,16-39,9381.6,7
L3C,40-44,2005,7
L3C,45-49,2051,7
L3C,50-54,2076,7
L3C,55-59,2439,7
L3C,60-64,2452,7
L3C,65-69,2324,7
L3C,70-74,2106,7
L3C,75-79,1527,7
L3C,80+,1992,7
L3K,<16,2629.4,9
L3K,16-39,5028.6,9
L3K,40-44,1094,9
L3K,45-49,1115,9
L3K,50-54,1286,9
L3K,55-59,1728,9
L3K,60-64,1624,9
L3K,65-69,1434,9
L3K,70-74,1300,9
L3K,75-79,845,9
L3K,80+,1394,9
L3M,<16,4921,7
L3M,16-39,8012,7
L3M,40-44,1910,7
L3M,45-49,1983,7
L3M,50-54,1998,7
L3M,55-59,2257,7
L3M,60-64,1999,7
L3M,65-69,1744,7
L3M,70-74,1502,7
L3M,75-79,1116,7
L3M,80+,1553,7
L3P,<16,6071.8,6
L3P,16-39,10992.2,6
L3P,40-44,2371,6
L3P,45-49,2797,6
L3P,50-54,2909,6
L3P,55-59,3197,6
L3P,60-64,3101,6
L3P,65-69,2695,6
L3P,70-74,2241,6
L3P,75-79,1499,6
L3P,80+,2126,6
L3R,<16,9727,4
L3R,16-39,19420,4
L3R,40-44,3731,4
L3R,45-49,4380,4
L3R,50-54,4812,4
L3R,55-59,5377,4
L3R,60-64,5135,4
L3R,65-69,4477,4
L3R,70-74,3701,4
L3R,75-79,2402,4
L3R,80+,4029,4
L3S,<16,10485.8,2
L3S,16-39,19883.2,2
L3S,40-44,3363,2
L3S,45-49,3709,2
L3S,50-54,4092,2
L3S,55-59,4634,2
L3S,60-64,4117,2
L3S,65-69,3381,2
L3S,70-74,2488,2
L3S,75-79,1554,2
L3S,80+,2065,2
L3T,<16,7098.6,5
L3T,16-39,15080.4,5
L3T,40-44,3424,5
L3T,45-49,3810,5
L3T,50-54,3721,5
L3T,55-59,3919,5
L3T,60-64,3812,5
L3T,65-69,3815,5
L3T,70-74,3509,5
L3T,75-79,2235,5
L3T,80+,3107,5
L3V,<16,7393,9
L3V,16-39,14261,9
L3V,40-44,2634,9
L3V,45-49,2812,9
L3V,50-54,3143,9
L3V,55-59,3996,9
L3V,60-64,3869,9
L3V,65-69,3371,9
L3V,70-74,2855,9
L3V,75-79,2130,9
L3V,80+,3174,9
L3X,<16,9756.8,5
L3X,16-39,15402.2,5
L3X,40-44,3671,5
L3X,45-49,3917,5
L3X,50-54,4095,5
L3X,55-59,3859,5
L3X,60-64,2606,5
L3X,65-69,1725,5
L3X,70-74,1306,5
L3X,75-79,768,5
L3X,80+,942,5
L3Y,<16,6536.4,5
L3Y,16-39,13652.6,5
L3Y,40-44,2660,5
L3Y,45-49,2875,5
L3Y,50-54,3337,5
L3Y,55-59,3968,5
L3Y,60-64,3404,5
L3Y,65-69,2707,5
L3Y,70-74,2233,5
L3Y,75-79,1564,5
L3Y,80+,2675,5
L3Z,<16,9340.8,3
L3Z,16-39,14183.2,3
L3Z,40-44,3300,3
L3Z,45-49,2892,3
L3Z,50-54,2729,3
L3Z,55-59,2857,3
L3Z,60-64,2297,3
L3Z,65-69,1717,3
L3Z,70-74,1334,3
L3Z,75-79,841,3
L3Z,80+,1140,3
L4A,<16,10096.6,5
L4A,16-39,14155.4,5
L4A,40-44,3835,5
L4A,45-49,3650,5
L4A,50-54,3392,5
L4A,55-59,3313,5
L4A,60-64,2906,5
L4A,65-69,2575,5
L4A,70-74,2240,5
L4A,75-79,1545,5
L4A,80+,2133,5
L4B,<16,5532.2,7
L4B,16-39,11788.8,7
L4B,40-44,2495,7
L4B,45-49,2952,7
L4B,50-54,3036,7
L4B,55-59,3134,7
L4B,60-64,2799,7
L4B,65-69,2522,7
L4B,70-74,2161,7
L4B,75-79,1301,7
L4B,80+,1863,7
L4C,<16,10817.8,4
L4C,16-39,23287.2,4
L4C,40-44,4862,4
L4C,45-49,5681,4
L4C,50-54,6230,4
L4C,55-59,6474,4
L4C,60-64,5564,4
L4C,65-69,4635,4
L4C,70-74,4085,4
L4C,75-79,2729,4
L4C,80+,4263,4
L4E,<16,12064,4
L4E,16-39,16820,4
L4E,40-44,4467,4
L4E,45-49,5713,4
L4E,50-54,5196,4
L4E,55-59,4165,4
L4E,60-64,2943,4
L4E,65-69,2045,4
L4E,70-74,1732,4
L4E,75-79,1170,4
L4E,80+,1403,4
L4G,<16,11364,6
L4G,16-39,19611,6
L4G,40-44,4449,6
L4G,45-49,4860,6
L4G,50-54,5254,6
L4G,55-59,5343,6
L4G,60-64,4292,6
L4G,65-69,2962,6
L4G,70-74,2311,6
L4G,75-79,1656,6
L4G,80+,2300,6
L4H,<16,17199.4,2
L4H,16-39,23842.6,2
L4H,40-44,5998,2
L4H,45-49,6926,2
L4H,50-54,6645,2
L4H,55-59,5000,2
L4H,60-64,3309,2
L4H,65-69,2316,2
L4H,70-74,2035,2
L4H,75-79,1313,2
L4H,80+,1764,2
L4J,<16,13769.8,3
L4J,16-39,24507.2,3
L4J,40-44,5013,3
L4J,45-49,5857,3
L4J,50-54,5708,3
L4J,55-59,6135,3
L4J,60-64,6109,3
L4J,65-69,5175,3
L4J,70-74,4424,3
L4J,75-79,2479,3
L4J,80+,3983,3
L4K,<16,2583.4,2
L4K,16-39,5500.6,2
L4K,40-44,1074,2
L4K,45-49,1223,2
L4K,50-54,1475,2
L4K,55-59,1443,2
L4K,60-64,1176,2
L4K,65-69,911,2
L4K,70-74,773,2
L4K,75-79,522,2
L4K,80+,880,2
L4L,<16,7686.6,2
L4L,16-39,16542.4,2
L4L,40-44,3394,2
L4L,45-49,3803,2
L4L,50-54,4272,2
L4L,55-59,4457,2
L4L,60-64,4206,2
L4L,65-69,3575,2
L4L,70-74,3725,2
L4L,75-79,2586,2
L4L,80+,4384,2
L4M,<16,8142.4,7
L4M,16-39,16714.6,7
L4M,40-44,3067,7
L4M,45-49,3020,7
L4M,50-54,3005,7
L4M,55-59,3477,7
L4M,60-64,2858,7
L4M,65-69,2272,7
L4M,70-74,1907,7
L4M,75-79,1393,7
L4M,80+,2054,7
L4N,<16,19009.2,7
L4N,16-39,34807.8,7
L4N,40-44,7120,7
L4N,45-49,7641,7
L4N,50-54,7702,7
L4N,55-59,7871,7
L4N,60-64,6106,7
L4N,65-69,4495,7
L4N,70-74,3793,7
L4N,75-79,2754,7
L4N,80+,4344,7
L4P,<16,5616.6,8
L4P,16-39,10138.4,8
L4P,40-44,2049,8
L4P,45-49,2099,8
L4P,50-54,2354,8
L4P,55-59,2689,8
L4P,60-64,2078,8
L4P,65-69,1368,8
L4P,70-74,1002,8
L4P,75-79,694,8
L4P,80+,929,8
L4R,<16,2727.2,8
L4R,16-39,5208.8,8
L4R,40-44,987,8
L4R,45-49,1091,8
L4R,50-54,1194,8
L4R,55-59,1726,8
L4R,60-64,1671,8
L4R,65-69,1617,8
L4R,70-74,1354,8
L4R,75-79,918,8
L4R,80+,1362,8
L4S,<16,6223.4,6
L4S,16-39,11312.6,6
L4S,40-44,2371,6
L4S,45-49,3521,6
L4S,50-54,3652,6
L4S,55-59,3269,6
L4S,60-64,2440,6
L4S,65-69,1662,6
L4S,70-74,1314,6
L4S,75-79,994,6
L4S,80+,1601,6
L4T,<16,8259,1
L4T,16-39,14292,1
L4T,40-44,2713,1
L4T,45-49,2653,1
L4T,50-54,2622,1
L4T,55-59,2562,1
L4T,60-64,2166,1
L4T,65-69,1712,1
L4T,70-74,1584,1
L4T,75-79,1230,1
L4T,80+,1557,1
L4W,<16,2935.4,3
L4W,16-39,5993.6,3
L4W,40-44,1302,3
L4W,45-49,1369,3
L4W,50-54,1449,3
L4W,55-59,1702,3
L4W,60-64,1618,3
L4W,65-69,1558,3
L4W,70-74,1404,3
L4W,75-79,993,3
L4W,80+,1451,3
L4X,<16,3913.2,3
L4X,16-39,6448.8,3
L4X,40-44,1447,3
L4X,45-49,1511,3
L4X,50-54,1537,3
L4X,55-59,1533,3
L4X,60-64,1306,3
L4X,65-69,910,3
L4X,70-74,780,3
L4X,75-79,538,3
L4X,80+,903,3
L4Y,<16,4094.2,4
L4Y,16-39,7010.8,4
L4Y,40-44,1570,4
L4Y,45-49,1673,4
L4Y,50-54,1879,4
L4Y,55-59,1924,4
L4Y,60-64,1738,4
L4Y,65-69,1364,4
L4Y,70-74,1181,4
L4Y,75-79,950,4
L4Y,80+,1624,4
L4Z,<16,6703.4,2
L4Z,16-39,14097.6,2
L4Z,40-44,2638,2
L4Z,45-49,2603,2
L4Z,50-54,2966,2
L4Z,55-59,3227,2
L4Z,60-64,2799,2
L4Z,65-69,2064,2
L4Z,70-74,1533,2
L4Z,75-79,979,2
L4Z,80+,1415,2
L5A,<16,9001.2,2
L5A,16-39,16049.8,2
L5A,40-44,3445,2
L5A,45-49,3377,2
L5A,50-54,3581,2
L5A,55-59,3701,2
L5A,60-64,3216,2
L5A,65-69,2619,2
L5A,70-74,2230,2
L5A,75-79,1631,2
L5A,80+,2392,2
L5B,<16,12354.4,3
L5B,16-39,24465.6,3
L5B,40-44,4976,3
L5B,45-49,4415,3
L5B,50-54,4345,3
L5B,55-59,4442,3
L5B,60-64,3853,3
L5B,65-69,3266,3
L5B,70-74,2812,3
L5B,75-79,1957,3
L5B,80+,2722,3
L5C,<16,5031.6,3
L5C,16-39,9972.4,3
L5C,40-44,1968,3
L5C,45-49,2162,3
L5C,50-54,2333,3
L5C,55-59,2562,3
L5C,60-64,2177,3
L5C,65-69,1842,3
L5C,70-74,1555,3
L5C,75-79,1062,3
L5C,80+,1319,3
L5E,<16,2072.2,4
L5E,16-39,3747.8,4
L5E,40-44,901,4
L5E,45-49,965,4
L5E,50-54,995,4
L5E,55-59,1173,4
L5E,60-64,1034,4
L5E,65-69,810,4
L5E,70-74,654,4
L5E,75-79,451,4
L5E,80+,752,4
L5G,<16,3258,5
L5G,16-39,5928,5
L5G,40-44,1388,5
L5G,45-49,1551,5
L5G,50-54,1641,5
L5G,55-59,1879,5
L5G,60-64,1613,5
L5G,65-69,1214,5
L5G,70-74,977,5
L5G,75-79,683,5
L5G,80+,1080,5
L5H,<16,2943.6,5
L5H,16-39,5218.4,5
L5H,40-44,1085,5
L5H,45-49,1291,5
L5H,50-54,1562,5
L5H,55-59,1690,5
L5H,60-64,1407,5
L5H,65-69,1072,5
L5H,70-74,875,5
L5H,75-79,611,5
L5H,80+,871,5
L5J,<16,4729,6
L5J,16-39,9097,6
L5J,40-44,1877,6
L5J,45-49,1974,6
L5J,50-54,2111,6
L5J,55-59,2448,6
L5J,60-64,2062,6
L5J,65-69,1554,6
L5J,70-74,1295,6
L5J,75-79,1000,6
L5J,80+,1626,6
L5K,<16,2778.2,3
L5K,16-39,4488.8,3
L5K,40-44,903,3
L5K,45-49,980,3
L5K,50-54,1062,3
L5K,55-59,1104,3
L5K,60-64,913,3
L5K,65-69,733,3
L5K,70-74,625,3
L5K,75-79,463,3
L5K,80+,788,3
L5L,<16,7285.2,3
L5L,16-39,14924.8,3
L5L,40-44,2740,3
L5L,45-49,2748,3
L5L,50-54,3117,3
L5L,55-59,3849,3
L5L,60-64,3505,3
L5L,65-69,2904,3
L5L,70-74,2540,3
L5L,75-79,1591,3
L5L,80+,2027,3
L5M,<16,22277.2,3
L5M,16-39,38727.8,3
L5M,40-44,7862,3
L5M,45-49,9101,3
L5M,50-54,9450,3
L5M,55-59,8781,3
L5M,60-64,6824,3
L5M,65-69,4921,3
L5M,70-74,3929,3
L5M,75-79,2655,3
L5M,80+,3933,3
L5N,<16,16661.6,3
L5N,16-39,30174.4,3
L5N,40-44,6239,3
L5N,45-49,6549,3
L5N,50-54,7509,3
L5N,55-59,7583,3
L5N,60-64,6026,3
L5N,65-69,4116,3
L5N,70-74,3095,3
L5N,75-79,1917,3
L5N,80+,2234,3
L5P,<16,0,10
L5P,16-39,0,10
L5P,40-44,0,10
L5P,45-49,0,10
L5P,50-54,1,10
L5P,55-59,0,10
L5P,60-64,0,10
L5P,65-69,0,10
L5P,70-74,0,10
L5P,75-79,0,10
L5P,80+,0,10
L5R,<16,6372.2,2
L5R,16-39,13847.8,2
L5R,40-44,2528,2
L5R,45-49,2661,2
L5R,50-54,2801,2
L5R,55-59,3299,2
L5R,60-64,2930,2
L5R,65-69,2437,2
L5R,70-74,1874,2
L5R,75-79,1204,2
L5R,80+,1597,2
L5V,<16,9494.2,2
L5V,16-39,19721.8,2
L5V,40-44,3258,2
L5V,45-49,3729,2
L5V,50-54,4549,2
L5V,55-59,4683,2
L5V,60-64,3619,2
L5V,65-69,2533,2
L5V,70-74,1672,2
L5V,75-79,1127,2
L5V,80+,1852,2
L5W,<16,5438.2,1
L5W,16-39,9380.8,1
L5W,40-44,2083,1
L5W,45-49,2272,1
L5W,50-54,2248,1
L5W,55-59,1965,1
L5W,60-64,1310,1
L5W,65-69,898,1
L5W,70-74,710,1
L5W,75-79,457,1
L5W,80+,644,1
L6A,<16,19156.4,2
L6A,16-39,29041.6,2
L6A,40-44,6993,2
L6A,45-49,7630,2
L6A,50-54,7974,2
L6A,55-59,7085,2
L6A,60-64,4925,2
L6A,65-69,3420,2
L6A,70-74,2831,2
L6A,75-79,1892,2
L6A,80+,2844,2
L6B,<16,8026.8,2
L6B,16-39,10480.2,2
L6B,40-44,2966,2
L6B,45-49,2960,2
L6B,50-54,2281,2
L6B,55-59,1888,2
L6B,60-64,1559,2
L6B,65-69,1267,2
L6B,70-74,1093,2
L6B,75-79,610,2
L6B,80+,935,2
L6C,<16,10575,7
L6C,16-39,16040,7
L6C,40-44,3903,7
L6C,45-49,4529,7
L6C,50-54,4328,7
L6C,55-59,4172,7
L6C,60-64,3366,7
L6C,65-69,2675,7
L6C,70-74,2123,7
L6C,75-79,1261,7
L6C,80+,1659,7
L6E,<16,8542.2,4
L6E,16-39,11699.8,4
L6E,40-44,3189,4
L6E,45-49,3508,4
L6E,50-54,2799,4
L6E,55-59,2541,4
L6E,60-64,1951,4
L6E,65-69,1630,4
L6E,70-74,1518,4
L6E,75-79,1083,4
L6E,80+,1293,4
L6G,<16,888.2,5
L6G,16-39,2783.8,5
L6G,40-44,456,5
L6G,45-49,334,5
L6G,50-54,328,5
L6G,55-59,382,5
L6G,60-64,382,5
L6G,65-69,406,5
L6G,70-74,294,5
L6G,75-79,154,5
L6G,80+,149,5
L6H,<16,12827.8,5
L6H,16-39,22224.2,5
L6H,40-44,4866,5
L6H,45-49,5652,5
L6H,50-54,5846,5
L6H,55-59,5328,5
L6H,60-64,4253,5
L6H,65-69,3130,5
L6H,70-74,2541,5
L6H,75-79,1855,5
L6H,80+,2570,5
L6J,<16,4611.8,8
L6J,16-39,7220.2,8
L6J,40-44,1553,8
L6J,45-49,2203,8
L6J,50-54,2177,8
L6J,55-59,2029,8
L6J,60-64,1859,8
L6J,65-69,1406,8
L6J,70-74,1239,8
L6J,75-79,981,8
L6J,80+,1415,8
L6K,<16,2012.8,5
L6K,16-39,4454.2,5
L6K,40-44,926,5
L6K,45-49,987,5
L6K,50-54,1115,5
L6K,55-59,1129,5
L6K,60-64,989,5
L6K,65-69,783,5
L6K,70-74,732,5
L6K,75-79,590,5
L6K,80+,1010,5
L6L,<16,5172.2,6
L6L,16-39,7852.8,6
L6L,40-44,2097,6
L6L,45-49,2535,6
L6L,50-54,2590,6
L6L,55-59,2529,6
L6L,60-64,2054,6
L6L,65-69,1646,6
L6L,70-74,1645,6
L6L,75-79,1297,6
L6L,80+,2302,6
L6M,<16,17131.2,7
L6M,16-39,22644.8,7
L6M,40-44,6243,7
L6M,45-49,7706,7
L6M,50-54,6449,7
L6M,55-59,5029,7
L6M,60-64,3689,7
L6M,65-69,2539,7
L6M,70-74,2192,7
L6M,75-79,1533,7
L6M,80+,2067,7
L6P,<16,20947.2,1
L6P,16-39,34022.8,1
L6P,40-44,7316,1
L6P,45-49,7236,1
L6P,50-54,6370,1
L6P,55-59,5394,1
L6P,60-64,4446,1
L6P,65-69,3814,1
L6P,70-74,3171,1
L6P,75-79,2131,1
L6P,80+,2308,1
L6R,<16,21658.8,1
L6R,16-39,35722.2,1
L6R,40-44,7221,1
L6R,45-49,6674,1
L6R,50-54,6263,1
L6R,55-59,5563,1
L6R,60-64,4757,1
L6R,65-69,4012,1
L6R,70-74,3291,1
L6R,75-79,2246,1
L6R,80+,2600,1
L6S,<16,10259.4,1
L6S,16-39,18925.6,1
L6S,40-44,3799,1
L6S,45-49,3659,1
L6S,50-54,3951,1
L6S,55-59,4108,1
L6S,60-64,3619,1
L6S,65-69,3023,1
L6S,70-74,2707,1
L6S,75-79,1743,1
L6S,80+,1725,1
L6T,<16,8200,1
L6T,16-39,14049,1
L6T,40-44,2783,1
L6T,45-49,2601,1
L6T,50-54,2787,1
L6T,55-59,2897,1
L6T,60-64,2404,1
L6T,65-69,1694,1
L6T,70-74,1423,1
L6T,75-79,1182,1
L6T,80+,1575,1
L6V,<16,8675,1
L6V,16-39,14837,1
L6V,40-44,3115,1
L6V,45-49,2956,1
L6V,50-54,3127,1
L6V,55-59,3068,1
L6V,60-64,2584,1
L6V,65-69,1883,1
L6V,70-74,1640,1
L6V,75-79,1132,1
L6V,80+,1251,1
L6W,<16,4068.4,1
L6W,16-39,7407.6,1
L6W,40-44,1541,1
L6W,45-49,1489,1
L6W,50-54,1595,1
L6W,55-59,1742,1
L6W,60-64,1511,1
L6W,65-69,1170,1
L6W,70-74,1085,1
L6W,75-79,814,1
L6W,80+,1089,1
L6X,<16,17114.8,1
L6X,16-39,27472.2,1
L6X,40-44,6015,1
L6X,45-49,5351,1
L6X,50-54,5353,1
L6X,55-59,4763,1
L6X,60-64,3722,1
L6X,65-69,3054,1
L6X,70-74,2434,1
L6X,75-79,1569,1
L6X,80+,1682,1
L6Y,<16,18956,1
L6Y,16-39,33805,1
L6Y,40-44,6960,1
L6Y,45-49,6304,1
L6Y,50-54,6063,1
L6Y,55-59,5827,1
L6Y,60-64,4949,1
L6Y,65-69,4219,1
L6Y,70-74,3354,1
L6Y,75-79,2385,1
L6Y,80+,3639,1
L6Z,<16,6617.2,2
L6Z,16-39,11875.8,2
L6Z,40-44,2352,2
L6Z,45-49,2190,2
L6Z,50-54,2325,2
L6Z,55-59,2754,2
L6Z,60-64,2382,2
L6Z,65-69,1870,2
L6Z,70-74,1468,2
L6Z,75-79,861,2
L6Z,80+,938,2
L7A,<16,25211.8,1
L7A,16-39,37121.2,1
L7A,40-44,8073,1
L7A,45-49,7232,1
L7A,50-54,6335,1
L7A,55-59,5390,1
L7A,60-64,4143,1
L7A,65-69,3204,1
L7A,70-74,2427,1
L7A,75-79,1450,1
L7A,80+,1309,1
L7B,<16,3491.4,3
L7B,16-39,5172.6,3
L7B,40-44,1256,3
L7B,45-49,1343,3
L7B,50-54,1481,3
L7B,55-59,1378,3
L7B,60-64,1150,3
L7B,65-69,802,3
L7B,70-74,652,3
L7B,75-79,466,3
L7B,80+,653,3
L7C,<16,6798,1
L7C,16-39,11030,1
L7C,40-44,2520,1
L7C,45-49,2314,1
L7C,50-54,2290,1
L7C,55-59,2207,1
L7C,60-64,1759,1
L7C,65-69,1441,1
L7C,70-74,1185,1
L7C,75-79,767,1
L7C,80+,785,1
L7E,<16,6144.4,3
L7E,16-39,10929.6,3
L7E,40-44,2249,3
L7E,45-49,2915,3
L7E,50-54,3305,3
L7E,55-59,3054,3
L7E,60-64,2057,3
L7E,65-69,1459,3
L7E,70-74,1270,3
L7E,75-79,952,3
L7E,80+,1198,3
L7G,<16,9144.4,6
L7G,16-39,15246.6,6
L7G,40-44,3517,6
L7G,45-49,4045,6
L7G,50-54,4322,6
L7G,55-59,4284,6
L7G,60-64,3012,6
L7G,65-69,2033,6
L7G,70-74,1721,6
L7G,75-79,1398,6
L7G,80+,1920,6
L7J,<16,2477.6,9
L7J,16-39,4291.4,9
L7J,40-44,918,9
L7J,45-49,1138,9
L7J,50-54,1235,9
L7J,55-59,1270,9
L7J,60-64,991,9
L7J,65-69,748,9
L7J,70-74,602,9
L7J,75-79,382,9
L7J,80+,448,9
L7K,<16,1190.4,4
L7K,16-39,2499.6,4
L7K,40-44,485,4
L7K,45-49,583,4
L7K,50-54,754,4
L7K,55-59,903,4
L7K,60-64,712,4
L7K,65-69,578,4
L7K,70-74,435,4
L7K,75-79,292,4
L7K,80+,286,4
L7L,<16,9503.4,7
L7L,16-39,14451.6,7
L7L,40-44,3654,7
L7L,45-49,4304,7
L7L,50-54,3873,7
L7L,55-59,3398,7
L7L,60-64,2543,7
L7L,65-69,1965,7
L7L,70-74,2061,7
L7L,75-79,1606,7
L7L,80+,2690,7
L7M,<16,9874.8,6
L7M,16-39,15006.2,6
L7M,40-44,4110,6
L7M,45-49,4030,6
L7M,50-54,3697,6
L7M,55-59,3746,6
L7M,60-64,2918,6
L7M,65-69,2406,6
L7M,70-74,2200,6
L7M,75-79,1472,6
L7M,80+,1933,6
L7N,<16,1993.8,7
L7N,16-39,3586.2,7
L7N,40-44,776,7
L7N,45-49,932,7
L7N,50-54,987,7
L7N,55-59,1024,7
L7N,60-64,892,7
L7N,65-69,821,7
L7N,70-74,786,7
L7N,75-79,720,7
L7N,80+,1265,7
L7P,<16,5191.6,6
L7P,16-39,9016.4,6
L7P,40-44,2027,6
L7P,45-49,1997,6
L7P,50-54,2128,6
L7P,55-59,2406,6
L7P,60-64,2097,6
L7P,65-69,1793,6
L7P,70-74,1629,6
L7P,75-79,1166,6
L7P,80+,1496,6
L7R,<16,2393.4,7
L7R,16-39,5471.6,7
L7R,40-44,1130,7
L7R,45-49,1066,7
L7R,50-54,1220,7
L7R,55-59,1400,7
L7R,60-64,1251,7
L7R,65-69,1044,7
L7R,70-74,936,7
L7R,75-79,729,7
L7R,80+,1135,7
L7S,<16,1267,6
L7S,16-39,3168,6
L7S,40-44,688,6
L7S,45-49,674,6
L7S,50-54,808,6
L7S,55-59,978,6
L7S,60-64,1037,6
L7S,65-69,893,6
L7S,70-74,931,6
L7S,75-79,770,6
L7S,80+,1411,6
L7T,<16,2623.8,7
L7T,16-39,4931.2,7
L7T,40-44,1067,7
L7T,45-49,1160,7
L7T,50-54,1197,7
L7T,55-59,1463,7
L7T,60-64,1342,7
L7T,65-69,1257,7
L7T,70-74,1222,7
L7T,75-79,993,7
L7T,80+,1511,7
L8B,<16,3848.8,7
L8B,16-39,6411.2,7
L8B,40-44,1467,7
L8B,45-49,1446,7
L8B,50-54,1503,7
L8B,55-59,1527,7
L8B,60-64,1188,7
L8B,65-69,955,7
L8B,70-74,779,7
L8B,75-79,547,7
L8B,80+,518,7
L8E,<16,7791.2,4
L8E,16-39,13063.8,4
L8E,40-44,2811,4
L8E,45-49,2695,4
L8E,50-54,2929,4
L8E,55-59,3167,4
L8E,60-64,2819,4
L8E,65-69,2419,4
L8E,70-74,1979,4
L8E,75-79,1377,4
L8E,80+,1765,4
L8G,<16,2968.6,5
L8G,16-39,5781.4,5
L8G,40-44,1224,5
L8G,45-49,1313,5
L8G,50-54,1551,5
L8G,55-59,1677,5
L8G,60-64,1683,5
L8G,65-69,1585,5
L8G,70-74,1523,5
L8G,75-79,1179,5
L8G,80+,1994,5
L8H,<16,4489.4,5
L8H,16-39,9261.6,5
L8H,40-44,1685,5
L8H,45-49,1772,5
L8H,50-54,1947,5
L8H,55-59,2411,5
L8H,60-64,1933,5
L8H,65-69,1426,5
L8H,70-74,1025,5
L8H,75-79,680,5
L8H,80+,796,5
L8J,<16,5509.8,4
L8J,16-39,9144.2,4
L8J,40-44,1852,4
L8J,45-49,1888,4
L8J,50-54,1960,4
L8J,55-59,1920,4
L8J,60-64,1708,4
L8J,65-69,1335,4
L8J,70-74,962,4
L8J,75-79,519,4
L8J,80+,790,4
L8K,<16,5194.6,5
L8K,16-39,10067.4,5
L8K,40-44,2036,5
L8K,45-49,1939,5
L8K,50-54,2204,5
L8K,55-59,2515,5
L8K,60-64,2415,5
L8K,65-69,1931,5
L8K,70-74,1618,5
L8K,75-79,1161,5
L8K,80+,1787,5
L8L,<16,6235.6,4
L8L,16-39,12079.4,4
L8L,40-44,2205,4
L8L,45-49,2090,4
L8L,50-54,2119,4
L8L,55-59,2536,4
L8L,60-64,2066,4
L8L,65-69,1509,4
L8L,70-74,1028,4
L8L,75-79,612,4
L8L,80+,895,4
L8M,<16,2450,5
L8M,16-39,4983,5
L8M,40-44,966,5
L8M,45-49,887,5
L8M,50-54,901,5
L8M,55-59,1053,5
L8M,60-64,930,5
L8M,65-69,734,5
L8M,70-74,518,5
L8M,75-79,323,5
L8M,80+,420,5
L8N,<16,2178.2,4
L8N,16-39,5582.8,4
L8N,40-44,965,4
L8N,45-49,995,4
L8N,50-54,1007,4
L8N,55-59,1199,4
L8N,60-64,997,4
L8N,65-69,778,4
L8N,70-74,604,4
L8N,75-79,405,4
L8N,80+,468,4
L8P,<16,2760,5
L8P,16-39,8058,5
L8P,40-44,1641,5
L8P,45-49,1470,5
L8P,50-54,1505,5
L8P,55-59,1721,5
L8P,60-64,1554,5
L8P,65-69,1490,5
L8P,70-74,1246,5
L8P,75-79,737,5
L8P,80+,1028,5
L8R,<16,2082.4,4
L8R,16-39,4468.6,4
L8R,40-44,808,4
L8R,45-49,757,4
L8R,50-54,778,4
L8R,55-59,834,4
L8R,60-64,806,4
L8R,65-69,632,4
L8R,70-74,467,4
L8R,75-79,362,4
L8R,80+,650,4
L8S,<16,1829.8,4
L8S,16-39,5105.2,4
L8S,40-44,692,4
L8S,45-49,719,4
L8S,50-54,839,4
L8S,55-59,867,4
L8S,60-64,825,4
L8S,65-69,681,4
L8S,70-74,600,4
L8S,75-79,435,4
L8S,80+,753,4
L8T,<16,3069.4,5
L8T,16-39,6266.6,5
L8T,40-44,1142,5
L8T,45-49,1113,5
L8T,50-54,1317,5
L8T,55-59,1624,5
L8T,60-64,1410,5
L8T,65-69,1125,5
L8T,70-74,966,5
L8T,75-79,715,5
L8T,80+,1260,5
L8V,<16,3199.6,4
L8V,16-39,6717.4,4
L8V,40-44,1212,4
L8V,45-49,1236,4
L8V,50-54,1338,4
L8V,55-59,1573,4
L8V,60-64,1569,4
L8V,65-69,1320,4
L8V,70-74,1197,4
L8V,75-79,880,4
L8V,80+,1717,4
L8W,<16,5212.2,3
L8W,16-39,9267.8,3
L8W,40-44,1793,3
L8W,45-49,1742,3
L8W,50-54,1916,3
L8W,55-59,2194,3
L8W,60-64,1817,3
L8W,65-69,1300,3
L8W,70-74,980,3
L8W,75-79,640,3
L8W,80+,807,3
L9A,<16,4475,4
L9A,16-39,8583,4
L9A,40-44,1557,4
L9A,45-49,1590,4
L9A,50-54,1713,4
L9A,55-59,2083,4
L9A,60-64,1716,4
L9A,65-69,1378,4
L9A,70-74,1066,4
L9A,75-79,747,4
L9A,80+,1410,4
L9B,<16,4661.8,4
L9B,16-39,7820.2,4
L9B,40-44,1583,4
L9B,45-49,1643,4
L9B,50-54,1838,4
L9B,55-59,1941,4
L9B,60-64,1610,4
L9B,65-69,1238,4
L9B,70-74,1104,4
L9B,75-79,816,4
L9B,80+,1543,4
L9C,<16,7096.8,3
L9C,16-39,13213.2,3
L9C,40-44,2473,3
L9C,45-49,2556,3
L9C,50-54,2793,3
L9C,55-59,2862,3
L9C,60-64,2730,3
L9C,65-69,2227,3
L9C,70-74,1942,3
L9C,75-79,1486,3
L9C,80+,2667,3
L9E,<16,2508,2
L9E,16-39,3518,2
L9E,40-44,818,2
L9E,45-49,671,2
L9E,50-54,455,2
L9E,55-59,386,2
L9E,60-64,323,2
L9E,65-69,219,2
L9E,70-74,201,2
L9E,75-79,96,2
L9E,80+,121,2
L9G,<16,4174.8,6
L9G,16-39,7075.2,6
L9G,40-44,1509,6
L9G,45-49,1622,6
L9G,50-54,1846,6
L9G,55-59,1940,6
L9G,60-64,1927,6
L9G,65-69,1658,6
L9G,70-74,1319,6
L9G,75-79,920,6
L9G,80+,1233,6
L9H,<16,4555.8,8
L9H,16-39,8549.2,8
L9H,40-44,1772,8
L9H,45-49,1948,8
L9H,50-54,2293,8
L9H,55-59,2736,8
L9H,60-64,2481,8
L9H,65-69,2251,8
L9H,70-74,1976,8
L9H,75-79,1446,8
L9H,80+,2522,8
L9J,<16,143.6,4
L9J,16-39,429.4,4
L9J,40-44,73,4
L9J,45-49,71,4
L9J,50-54,74,4
L9J,55-59,108,4
L9J,60-64,70,4
L9J,65-69,101,4
L9J,70-74,89,4
L9J,75-79,61,4
L9J,80+,66,4
L9K,<16,3156.6,5
L9K,16-39,4705.4,5
L9K,40-44,1005,5
L9K,45-49,1209,5
L9K,50-54,1222,5
L9K,55-59,1100,5
L9K,60-64,916,5
L9K,65-69,685,5
L9K,70-74,608,5
L9K,75-79,416,5
L9K,80+,736,5
L9L,<16,2121.2,9
L9L,16-39,3830.8,9
L9L,40-44,786,9
L9L,45-49,887,9
L9L,50-54,1037,9
L9L,55-59,1293,9
L9L,60-64,1264,9
L9L,65-69,1084,9
L9L,70-74,1000,9
L9L,75-79,673,9
L9L,80+,1081,9
L9M,<16,2036.4,9
L9M,16-39,3913.6,9
L9M,40-44,787,9
L9M,45-49,849,9
L9M,50-54,987,9
L9M,55-59,1489,9
L9M,60-64,1585,9
L9M,65-69,1409,9
L9M,70-74,1117,9
L9M,75-79,783,9
L9M,80+,983,9
L9N,<16,3207.8,4
L9N,16-39,5800.2,4
L9N,40-44,1241,4
L9N,45-49,1203,4
L9N,50-54,1276,4
L9N,55-59,1483,4
L9N,60-64,1122,4
L9N,65-69,874,4
L9N,70-74,610,4
L9N,75-79,379,4
L9N,80+,388,4
L9P,<16,2797.6,8
L9P,16-39,4941.4,8
L9P,40-44,869,8
L9P,45-49,1179,8
L9P,50-54,1344,8
L9P,55-59,1602,8
L9P,60-64,1448,8
L9P,65-69,1034,8
L9P,70-74,904,8
L9P,75-79,593,8
L9P,80+,1030,8
L9R,<16,4921.2,5
L9R,16-39,7826.8,5
L9R,40-44,1609,5
L9R,45-49,1671,5
L9R,50-54,1602,5
L9R,55-59,1696,5
L9R,60-64,1523,5
L9R,65-69,1296,5
L9R,70-74,1390,5
L9R,75-79,1056,5
L9R,80+,1343,5
L9S,<16,5812.2,6
L9S,16-39,9619.8,6
L9S,40-44,2170,6
L9S,45-49,2118,6
L9S,50-54,2201,6
L9S,55-59,2697,6
L9S,60-64,2184,6
L9S,65-69,1694,6
L9S,70-74,1400,6
L9S,75-79,990,6
L9S,80+,1201,6
L9T,<16,30906.2,4
L9T,16-39,37681.8,4
L9T,40-44,11808,4
L9T,45-49,10150,4
L9T,50-54,7361,4
L9T,55-59,5780,4
L9T,60-64,4473,4
L9T,65-69,3786,4
L9T,70-74,3345,4
L9T,75-79,2073,4
L9T,80+,2236,4
L9V,<16,3546.2,7
L9V,16-39,5644.8,7
L9V,40-44,1163,7
L9V,45-49,1223,7
L9V,50-54,1328,7
L9V,55-59,1366,7
L9V,60-64,1108,7
L9V,65-69,893,7
L9V,70-74,710,7
L9V,75-79,426,7
L9V,80+,500,7
L9W,<16,9228.4,6
L9W,16-39,16087.6,6
L9W,40-44,3317,6
L9W,45-49,3589,6
L9W,50-54,3701,6
L9W,55-59,4079,6
L9W,60-64,3166,6
L9W,65-69,2373,6
L9W,70-74,2037,6
L9W,75-79,1380,6
L9W,80+,1778,6
L9X,<16,1801.6,7
L9X,16-39,2556.4,7
L9X,40-44,766,7
L9X,45-49,754,7
L9X,50-54,803,7
L9X,55-59,854,7
L9X,60-64,772,7
L9X,65-69,605,7
L9X,70-74,492,7
L9X,75-79,282,7
L9X,80+,220,7
L9Y,<16,3679.8,9
L9Y,16-39,6844.2,9
L9Y,40-44,1430,9
L9Y,45-49,1620,9
L9Y,50-54,1630,9
L9Y,55-59,2145,9
L9Y,60-64,2293,9
L9Y,65-69,2248,9
L9Y,70-74,2009,9
L9Y,75-79,1512,9
L9Y,80+,2121,9
L9Z,<16,2835,9
L9Z,16-39,5100,9
L9Z,40-44,1097,9
L9Z,45-49,1238,9
L9Z,50-54,1428,9
L9Z,55-59,1931,9
L9Z,60-64,2082,9
L9Z,65-69,2297,9
L9Z,70-74,2321,9
L9Z,75-79,1571,9
L9Z,80+,1649,9
M1B,<16,12280,1
M1B,16-39,22945,1
M1B,40-44,4179,1
M1B,45-49,4376,1
M1B,50-54,4675,1
M1B,55-59,5039,1
M1B,60-64,4327,1
M1B,65-69,3847,1
M1B,70-74,3267,1
M1B,75-79,2073,1
M1B,80+,2495,1
M1C,<16,5849,2
M1C,16-39,11403,2
M1C,40-44,2214,2
M1C,45-49,2266,2
M1C,50-54,2672,2
M1C,55-59,2953,2
M1C,60-64,2800,2
M1C,65-69,2377,2
M1C,70-74,2079,2
M1C,75-79,1434,2
M1C,80+,1684,2
M1E,<16,8762.6,2
M1E,16-39,15628.4,2
M1E,40-44,2936,2
M1E,45-49,3101,2
M1E,50-54,3540,2
M1E,55-59,3789,2
M1E,60-64,3405,2
M1E,65-69,2607,2
M1E,70-74,2107,2
M1E,75-79,1579,2
M1E,80+,2754,2
M1G,<16,6174.8,1
M1G,16-39,10320.2,1
M1G,40-44,1901,1
M1G,45-49,1930,1
M1G,50-54,2060,1
M1G,55-59,2070,1
M1G,60-64,1837,1
M1G,65-69,1419,1
M1G,70-74,1183,1
M1G,75-79,888,1
M1G,80+,1484,1
M1H,<16,4321.4,2
M1H,16-39,8479.6,2
M1H,40-44,1714,2
M1H,45-49,1590,2
M1H,50-54,1726,2
M1H,55-59,1761,2
M1H,60-64,1551,2
M1H,65-69,1204,2
M1H,70-74,923,2
M1H,75-79,690,2
M1H,80+,1266,2
M1J,<16,8059.6,1
M1J,16-39,12981.4,1
M1J,40-44,2637,1
M1J,45-49,2532,1
M1J,50-54,2661,1
M1J,55-59,2738,1
M1J,60-64,2275,1
M1J,65-69,1732,1
M1J,70-74,1324,1
M1J,75-79,996,1
M1J,80+,1592,1
M1K,<16,9332.2,2
M1K,16-39,16690.8,2
M1K,40-44,3511,2
M1K,45-49,3352,2
M1K,50-54,3795,2
M1K,55-59,3964,2
M1K,60-64,3369,2
M1K,65-69,2524,2
M1K,70-74,1977,2
M1K,75-79,1400,2
M1K,80+,2080,2
M1L,<16,7431.2,2
M1L,16-39,12453.8,2
M1L,40-44,2767,2
M1L,45-49,2748,2
M1L,50-54,2774,2
M1L,55-59,2630,2
M1L,60-64,2240,2
M1L,65-69,1529,2
M1L,70-74,1109,2
M1L,75-79,782,2
M1L,80+,1608,2
M1M,<16,3856.6,2
M1M,16-39,7155.4,2
M1M,40-44,1380,2
M1M,45-49,1626,2
M1M,50-54,1851,2
M1M,55-59,2097,2
M1M,60-64,1782,2
M1M,65-69,1391,2
M1M,70-74,1118,2
M1M,75-79,660,2
M1M,80+,1283,2
M1N,<16,3760.2,4
M1N,16-39,6590.8,4
M1N,40-44,1575,4
M1N,45-49,1734,4
M1N,50-54,1905,4
M1N,55-59,2022,4
M1N,60-64,1735,4
M1N,65-69,1414,4
M1N,70-74,1075,4
M1N,75-79,761,4
M1N,80+,1160,4
M1P,<16,8165.8,2
M1P,16-39,14802.2,2
M1P,40-44,2997,2
M1P,45-49,2951,2
M1P,50-54,3232,2
M1P,55-59,3423,2
M1P,60-64,2934,2
M1P,65-69,2295,2
M1P,70-74,1842,2
M1P,75-79,1337,2
M1P,80+,2917,2
M1R,<16,5447.8,2
M1R,16-39,10160.2,2
M1R,40-44,2051,2
M1R,45-49,2119,2
M1R,50-54,2332,2
M1R,55-59,2537,2
M1R,60-64,2159,2
M1R,65-69,1655,2
M1R,70-74,1220,2
M1R,75-79,897,2
M1R,80+,1704,2
M1S,<16,5488.2,3
M1S,16-39,11878.8,3
M1S,40-44,2095,3
M1S,45-49,2343,3
M1S,50-54,2802,3
M1S,55-59,3171,3
M1S,60-64,2837,3
M1S,65-69,2342,3
M1S,70-74,1995,3
M1S,75-79,1510,3
M1S,80+,2704,3
M1T,<16,5568,2
M1T,16-39,10520,2
M1T,40-44,2097,2
M1T,45-49,2286,2
M1T,50-54,2534,2
M1T,55-59,2795,2
M1T,60-64,2280,2
M1T,65-69,1922,2
M1T,70-74,1796,2
M1T,75-79,1456,2
M1T,80+,2973,2
M1V,<16,8609.8,2
M1V,16-39,15939.2,2
M1V,40-44,3052,2
M1V,45-49,3369,2
M1V,50-54,3704,2
M1V,55-59,4379,2
M1V,60-64,4253,2
M1V,65-69,3641,2
M1V,70-74,3074,2
M1V,75-79,1912,2
M1V,80+,3408,2
M1W,<16,7006.4,2
M1W,16-39,14120.6,2
M1W,40-44,2767,2
M1W,45-49,3261,2
M1W,50-54,3653,2
M1W,55-59,3976,2
M1W,60-64,3578,2
M1W,65-69,3142,2
M1W,70-74,2892,2
M1W,75-79,2059,2
M1W,80+,3938,2
M1X,<16,3124.6,1
M1X,16-39,5444.4,1
M1X,40-44,995,1
M1X,45-49,966,1
M1X,50-54,1169,1
M1X,55-59,1237,1
M1X,60-64,1073,1
M1X,65-69,858,1
M1X,70-74,561,1
M1X,75-79,384,1
M1X,80+,438,1
M2H,<16,3438.2,5
M2H,16-39,7210.8,5
M2H,40-44,1446,5
M2H,45-49,1778,5
M2H,50-54,1954,5
M2H,55-59,1907,5
M2H,60-64,1702,5
M2H,65-69,1528,5
M2H,70-74,1571,5
M2H,75-79,1179,5
M2H,80+,2100,5
M2J,<16,10248.6,3
M2J,16-39,21420.4,3
M2J,40-44,4278,3
M2J,45-49,4374,3
M2J,50-54,4311,3
M2J,55-59,4173,3
M2J,60-64,3516,3
M2J,65-69,2922,3
M2J,70-74,2633,3
M2J,75-79,1945,3
M2J,80+,3253,3
M2K,<16,3095.8,6
M2K,16-39,8479.2,6
M2K,40-44,1645,6
M2K,45-49,1603,6
M2K,50-54,1598,6
M2K,55-59,1644,6
M2K,60-64,1529,6
M2K,65-69,1386,6
M2K,70-74,1221,6
M2K,75-79,873,6
M2K,80+,1731,6
M2L,<16,1816.8,6
M2L,16-39,3676.2,6
M2L,40-44,684,6
M2L,45-49,894,6
M2L,50-54,985,6
M2L,55-59,976,6
M2L,60-64,823,6
M2L,65-69,739,6
M2L,70-74,659,6
M2L,75-79,454,6
M2L,80+,657,6
M2M,<16,4043.4,2
M2M,16-39,11086.6,2
M2M,40-44,2190,2
M2M,45-49,2258,2
M2M,50-54,2463,2
M2M,55-59,2587,2
M2M,60-64,2379,2
M2M,65-69,1949,2
M2M,70-74,1733,2
M2M,75-79,1258,2
M2M,80+,2437,2
M2N,<16,10757.6,6
M2N,16-39,28644.4,6
M2N,40-44,5752,6
M2N,45-49,5373,6
M2N,50-54,5149,6
M2N,55-59,5032,6
M2N,60-64,4472,6
M2N,65-69,3684,6
M2N,70-74,3163,6
M2N,75-79,2123,6
M2N,80+,3675,6
M2P,<16,1183.4,7
M2P,16-39,2334.6,7
M2P,40-44,478,7
M2P,45-49,564,7
M2P,50-54,692,7
M2P,55-59,688,7
M2P,60-64,620,7
M2P,65-69,561,7
M2P,70-74,407,7
M2P,75-79,252,7
M2P,80+,427,7
M2R,<16,6393,1
M2R,16-39,13364,1
M2R,40-44,3065,1
M2R,45-49,3134,1
M2R,50-54,3038,1
M2R,55-59,3289,1
M2R,60-64,2835,1
M2R,65-69,2360,1
M2R,70-74,2008,1
M2R,75-79,1327,1
M2R,80+,3015,1
M3A,<16,6255,3
M3A,16-39,11852,3
M3A,40-44,2533,3
M3A,45-49,2535,3
M3A,50-54,2755,3
M3A,55-59,2735,3
M3A,60-64,2237,3
M3A,65-69,1655,3
M3A,70-74,1363,3
M3A,75-79,997,3
M3A,80+,1702,3
M3B,<16,2114.6,8
M3B,16-39,3608.4,8
M3B,40-44,750,8
M3B,45-49,1029,8
M3B,50-54,1170,8
M3B,55-59,1123,8
M3B,60-64,924,8
M3B,65-69,762,8
M3B,70-74,765,8
M3B,75-79,582,8
M3B,80+,1181,8
M3C,<16,7288.8,2
M3C,16-39,12893.2,2
M3C,40-44,2796,2
M3C,45-49,2746,2
M3C,50-54,2822,2
M3C,55-59,2765,2
M3C,60-64,2411,2
M3C,65-69,1980,2
M3C,70-74,1857,2
M3C,75-79,1431,2
M3C,80+,2623,2
M3H,<16,6982,2
M3H,16-39,12607,2
M3H,40-44,3062,2
M3H,45-49,2827,2
M3H,50-54,2877,2
M3H,55-59,2850,2
M3H,60-64,2448,2
M3H,65-69,1815,2
M3H,70-74,1552,2
M3H,75-79,901,2
M3H,80+,1889,2
M3J,<16,4683.8,1
M3J,16-39,10730.2,1
M3J,40-44,1837,1
M3J,45-49,1772,1
M3J,50-54,1891,1
M3J,55-59,1891,1
M3J,60-64,1551,1
M3J,65-69,1027,1
M3J,70-74,879,1
M3J,75-79,708,1
M3J,80+,1313,1
M3K,<16,1217.8,1
M3K,16-39,2649.2,1
M3K,40-44,570,1
M3K,45-49,511,1
M3K,50-54,560,1
M3K,55-59,596,1
M3K,60-64,419,1
M3K,65-69,285,1
M3K,70-74,249,1
M3K,75-79,197,1
M3K,80+,448,1
M3L,<16,3759,1
M3L,16-39,6245,1
M3L,40-44,1279,1
M3L,45-49,1279,1
M3L,50-54,1395,1
M3L,55-59,1462,1
M3L,60-64,1233,1
M3L,65-69,909,1
M3L,70-74,734,1
M3L,75-79,595,1
M3L,80+,1135,1
M3M,<16,4613,1
M3M,16-39,8163,1
M3M,40-44,1877,1
M3M,45-49,1718,1
M3M,50-54,1905,1
M3M,55-59,1945,1
M3M,60-64,1697,1
M3M,65-69,1165,1
M3M,70-74,939,1
M3M,75-79,678,1
M3M,80+,1318,1
M3N,<16,9571.8,1
M3N,16-39,14707.2,1
M3N,40-44,2585,1
M3N,45-49,2770,1
M3N,50-54,3083,1
M3N,55-59,3146,1
M3N,60-64,2633,1
M3N,65-69,1883,1
M3N,70-74,1458,1
M3N,75-79,1117,1
M3N,80+,1919,1
M4A,<16,2453,2
M4A,16-39,4514,2
M4A,40-44,1033,2
M4A,45-49,967,2
M4A,50-54,1106,2
M4A,55-59,1084,2
M4A,60-64,1039,2
M4A,65-69,845,2
M4A,70-74,703,2
M4A,75-79,535,2
M4A,80+,1132,2
M4B,<16,3220.4,5
M4B,16-39,5848.6,5
M4B,40-44,1363,5
M4B,45-49,1383,5
M4B,50-54,1506,5
M4B,55-59,1608,5
M4B,60-64,1380,5
M4B,65-69,1039,5
M4B,70-74,764,5
M4B,75-79,508,5
M4B,80+,866,5
M4C,<16,9506.8,4
M4C,16-39,17675.2,4
M4C,40-44,4786,4
M4C,45-49,4217,4
M4C,50-54,4007,4
M4C,55-59,3894,4
M4C,60-64,3335,4
M4C,65-69,2411,4
M4C,70-74,1786,4
M4C,75-79,1057,4
M4C,80+,1818,4
M4E,<16,4901,8
M4E,16-39,7590,8
M4E,40-44,2177,8
M4E,45-49,2192,8
M4E,50-54,2126,8
M4E,55-59,2154,8
M4E,60-64,1718,8
M4E,65-69,1444,8
M4E,70-74,1102,8
M4E,75-79,672,8
M4E,80+,750,8
M4G,<16,3627.6,7
M4G,16-39,5658.4,7
M4G,40-44,1442,7
M4G,45-49,1613,7
M4G,50-54,1673,7
M4G,55-59,1599,7
M4G,60-64,1369,7
M4G,65-69,1072,7
M4G,70-74,958,7
M4G,75-79,672,7
M4G,80+,935,7
M4H,<16,5996,1
M4H,16-39,7086,1
M4H,40-44,1448,1
M4H,45-49,1435,1
M4H,50-54,1290,1
M4H,55-59,1001,1
M4H,60-64,837,1
M4H,65-69,680,1
M4H,70-74,535,1
M4H,75-79,405,1
M4H,80+,753,1
M4J,<16,6715.2,4
M4J,16-39,11042.8,4
M4J,40-44,3166,4
M4J,45-49,2988,4
M4J,50-54,2687,4
M4J,55-59,2721,4
M4J,60-64,2274,4
M4J,65-69,1871,4
M4J,70-74,1515,4
M4J,75-79,1018,4
M4J,80+,1574,4
M4K,<16,5122,6
M4K,16-39,9841,6
M4K,40-44,2725,6
M4K,45-49,2639,6
M4K,50-54,2557,6
M4K,55-59,2518,6
M4K,60-64,2045,6
M4K,65-69,1778,6
M4K,70-74,1518,6
M4K,75-79,971,6
M4K,80+,1410,6
M4L,<16,6687.6,7
M4L,16-39,10568.4,7
M4L,40-44,3094,7
M4L,45-49,2880,7
M4L,50-54,2622,7
M4L,55-59,2489,7
M4L,60-64,2150,7
M4L,65-69,1628,7
M4L,70-74,1114,7
M4L,75-79,688,7
M4L,80+,898,7
M4M,<16,3995.2,6
M4M,16-39,8723.8,6
M4M,40-44,2396,6
M4M,45-49,2144,6
M4M,50-54,1927,6
M4M,55-59,1814,6
M4M,60-64,1425,6
M4M,65-69,1076,6
M4M,70-74,838,6
M4M,75-79,466,6
M4M,80+,850,6
M4N,<16,2738.6,6
M4N,16-39,4665.4,6
M4N,40-44,1024,6
M4N,45-49,1195,6
M4N,50-54,1261,6
M4N,55-59,1245,6
M4N,60-64,1030,6
M4N,65-69,893,6
M4N,70-74,852,6
M4N,75-79,613,6
M4N,80+,1087,6
M4P,<16,2630.8,4
M4P,16-39,9366.2,4
M4P,40-44,1822,4
M4P,45-49,1666,4
M4P,50-54,1468,4
M4P,55-59,1449,4
M4P,60-64,1171,4
M4P,65-69,1017,4
M4P,70-74,891,4
M4P,75-79,633,4
M4P,80+,779,4
M4R,<16,2092,7
M4R,16-39,4017,7
M4R,40-44,923,7
M4R,45-49,978,7
M4R,50-54,893,7
M4R,55-59,834,7
M4R,60-64,700,7
M4R,65-69,610,7
M4R,70-74,522,7
M4R,75-79,347,7
M4R,80+,395,7
M4S,<16,4389.2,7
M4S,16-39,10900.8,7
M4S,40-44,2461,7
M4S,45-49,2124,7
M4S,50-54,1962,7
M4S,55-59,1753,7
M4S,60-64,1466,7
M4S,65-69,1286,7
M4S,70-74,1077,7
M4S,75-79,795,7
M4S,80+,1357,7
M4T,<16,1528.2,7
M4T,16-39,3238.8,7
M4T,40-44,720,7
M4T,45-49,748,7
M4T,50-54,747,7
M4T,55-59,817,7
M4T,60-64,732,7
M4T,65-69,712,7
M4T,70-74,655,7
M4T,75-79,505,7
M4T,80+,732,7
M4V,<16,2196.4,7
M4V,16-39,6325.6,7
M4V,40-44,1198,7
M4V,45-49,1243,7
M4V,50-54,1284,7
M4V,55-59,1247,7
M4V,60-64,1190,7
M4V,65-69,1148,7
M4V,70-74,1196,7
M4V,75-79,896,7
M4V,80+,1376,7
M4W,<16,1733.6,7
M4W,16-39,4869.4,7
M4W,40-44,923,7
M4W,45-49,943,7
M4W,50-54,1120,7
M4W,55-59,1239,7
M4W,60-64,1080,7
M4W,65-69,1033,7
M4W,70-74,916,7
M4W,75-79,773,7
M4W,80+,922,7
M4X,<16,3088.2,2
M4X,16-39,7870.8,2
M4X,40-44,1768,2
M4X,45-49,1460,2
M4X,50-54,1580,2
M4X,55-59,1596,2
M4X,60-64,1276,2
M4X,65-69,864,2
M4X,70-74,833,2
M4X,75-79,511,2
M4X,80+,711,2
M4Y,<16,2912,4
M4Y,16-39,15251,4
M4Y,40-44,2372,4
M4Y,45-49,1979,4
M4Y,50-54,2003,4
M4Y,55-59,2128,4
M4Y,60-64,1529,4
M4Y,65-69,1178,4
M4Y,70-74,951,4
M4Y,75-79,675,4
M4Y,80+,893,4
M5A,<16,5127.2,3
M5A,16-39,19341.8,3
M5A,40-44,3836,3
M5A,45-49,3279,3
M5A,50-54,3375,3
M5A,55-59,3372,3
M5A,60-64,2636,3
M5A,65-69,2001,3
M5A,70-74,1483,3
M5A,75-79,933,3
M5A,80+,1013,3
M5B,<16,1082,3
M5B,16-39,6605,3
M5B,40-44,918,3
M5B,45-49,797,3
M5B,50-54,809,3
M5B,55-59,892,3
M5B,60-64,670,3
M5B,65-69,532,3
M5B,70-74,414,3
M5B,75-79,297,3
M5B,80+,346,3
M5C,<16,238,6
M5C,16-39,1402,6
M5C,40-44,284,6
M5C,45-49,274,6
M5C,50-54,240,6
M5C,55-59,231,6
M5C,60-64,200,6
M5C,65-69,132,6
M5C,70-74,100,6
M5C,75-79,59,6
M5C,80+,63,6
M5E,<16,837.6,5
M5E,16-39,5169.4,5
M5E,40-44,768,5
M5E,45-49,584,5
M5E,50-54,574,5
M5E,55-59,577,5
M5E,60-64,522,5
M5E,65-69,424,5
M5E,70-74,382,5
M5E,75-79,286,5
M5E,80+,387,5
M5G,<16,1414.4,6
M5G,16-39,4926.6,6
M5G,40-44,609,6
M5G,45-49,507,6
M5G,50-54,483,6
M5G,55-59,485,6
M5G,60-64,374,6
M5G,65-69,288,6
M5G,70-74,232,6
M5G,75-79,145,6
M5G,80+,193,6
M5H,<16,219.4,5
M5H,16-39,1669.6,5
M5H,40-44,210,5
M5H,45-49,186,5
M5H,50-54,182,5
M5H,55-59,164,5
M5H,60-64,119,5
M5H,65-69,74,5
M5H,70-74,70,5
M5H,75-79,25,5
M5H,80+,27,5
M5J,<16,1264,7
M5J,16-39,7655,7
M5J,40-44,1108,7
M5J,45-49,789,7
M5J,50-54,748,7
M5J,55-59,774,7
M5J,60-64,769,7
M5J,65-69,618,7
M5J,70-74,528,7
M5J,75-79,352,7
M5J,80+,448,7
M5M,<16,5595,5
M5M,16-39,7782,5
M5M,40-44,1911,5
M5M,45-49,2173,5
M5M,50-54,2235,5
M5M,55-59,2085,5
M5M,60-64,1695,5
M5M,65-69,1315,5
M5M,70-74,1128,5
M5M,75-79,723,5
M5M,80+,1104,5
M5N,<16,3371.6,2
M5N,16-39,5606.4,2
M5N,40-44,1170,2
M5N,45-49,1204,2
M5N,50-54,1241,2
M5N,55-59,1160,2
M5N,60-64,1117,2
M5N,65-69,970,2
M5N,70-74,743,2
M5N,75-79,460,2
M5N,80+,750,2
M5P,<16,2790,6
M5P,16-39,6875,6
M5P,40-44,1279,6
M5P,45-49,1372,6
M5P,50-54,1324,6
M5P,55-59,1290,6
M5P,60-64,1187,6
M5P,65-69,1218,6
M5P,70-74,1215,6
M5P,75-79,846,6
M5P,80+,1273,6
M5R,<16,2328.2,5
M5R,16-39,9776.8,5
M5R,40-44,1604,5
M5R,45-49,1512,5
M5R,50-54,1539,5
M5R,55-59,1703,5
M5R,60-64,1627,5
M5R,65-69,1606,5
M5R,70-74,1542,5
M5R,75-79,1094,5
M5R,80+,1694,5
M5S,<16,1518.6,5
M5S,16-39,7800.4,5
M5S,40-44,935,5
M5S,45-49,795,5
M5S,50-54,808,5
M5S,55-59,836,5
M5S,60-64,721,5
M5S,65-69,663,5
M5S,70-74,627,5
M5S,75-79,499,5
M5S,80+,928,5
M5T,<16,1751.6,4
M5T,16-39,7885.4,4
M5T,40-44,1199,4
M5T,45-49,1101,4
M5T,50-54,1090,4
M5T,55-59,1197,4
M5T,60-64,1040,4
M5T,65-69,825,4
M5T,70-74,648,4
M5T,75-79,443,4
M5T,80+,1055,4
M5V,<16,3993.8,3
M5V,16-39,30882.2,3
M5V,40-44,4268,3
M5V,45-49,2852,3
M5V,50-54,2033,3
M5V,55-59,1939,3
M5V,60-64,1542,3
M5V,65-69,997,3
M5V,70-74,780,3
M5V,75-79,419,3
M5V,80+,415,3
M6A,<16,4550.6,1
M6A,16-39,8227.4,1
M6A,40-44,1751,1
M6A,45-49,1530,1
M6A,50-54,1501,1
M6A,55-59,1504,1
M6A,60-64,1197,1
M6A,65-69,1021,1
M6A,70-74,836,1
M6A,75-79,557,1
M6A,80+,1546,1
M6B,<16,5444.2,1
M6B,16-39,9537.8,1
M6B,40-44,2023,1
M6B,45-49,1978,1
M6B,50-54,2134,1
M6B,55-59,2129,1
M6B,60-64,1874,1
M6B,65-69,1567,1
M6B,70-74,1295,1
M6B,75-79,874,1
M6B,80+,2091,1
M6C,<16,4358.4,4
M6C,16-39,8421.6,4
M6C,40-44,1935,4
M6C,45-49,1884,4
M6C,50-54,1645,4
M6C,55-59,1633,4
M6C,60-64,1478,4
M6C,65-69,1268,4
M6C,70-74,1086,4
M6C,75-79,696,4
M6C,80+,1127,4
M6E,<16,6262.8,2
M6E,16-39,12983.2,2
M6E,40-44,2988,2
M6E,45-49,2822,2
M6E,50-54,2918,2
M6E,55-59,2955,2
M6E,60-64,2535,2
M6E,65-69,1856,2
M6E,70-74,1552,2
M6E,75-79,1138,2
M6E,80+,1932,2
M6G,<16,4331.6,6
M6G,16-39,12189.4,6
M6G,40-44,2368,6
M6G,45-49,2301,6
M6G,50-54,2200,6
M6G,55-59,2028,6
M6G,60-64,1608,6
M6G,65-69,1417,6
M6G,70-74,1279,6
M6G,75-79,985,6
M6G,80+,2313,6
M6H,<16,6152.6,3
M6H,16-39,18472.4,3
M6H,40-44,3745,3
M6H,45-49,3208,3
M6H,50-54,2866,3
M6H,55-59,2936,3
M6H,60-64,2442,3
M6H,65-69,1943,3
M6H,70-74,1609,3
M6H,75-79,1145,3
M6H,80+,1800,3
M6J,<16,3822,4
M6J,16-39,14652,4
M6J,40-44,2908,4
M6J,45-49,2387,4
M6J,50-54,1981,4
M6J,55-59,1837,4
M6J,60-64,1466,4
M6J,65-69,1153,4
M6J,70-74,1000,4
M6J,75-79,722,4
M6J,80+,1358,4
M6K,<16,4297.2,3
M6K,16-39,18631.8,3
M6K,40-44,3604,3
M6K,45-49,2872,3
M6K,50-54,2389,3
M6K,55-59,2141,3
M6K,60-64,1992,3
M6K,65-69,1531,3
M6K,70-74,1167,3
M6K,75-79,771,3
M6K,80+,1182,3
M6L,<16,3857.4,1
M6L,16-39,6618.6,1
M6L,40-44,1381,1
M6L,45-49,1434,1
M6L,50-54,1564,1
M6L,55-59,1587,1
M6L,60-64,1270,1
M6L,65-69,939,1
M6L,70-74,811,1
M6L,75-79,709,1
M6L,80+,1670,1
M6M,<16,8407.2,1
M6M,16-39,14526.8,1
M6M,40-44,3000,1
M6M,45-49,2858,1
M6M,50-54,3179,1
M6M,55-59,3486,1
M6M,60-64,2900,1
M6M,65-69,2028,1
M6M,70-74,1573,1
M6M,75-79,1087,1
M6M,80+,1899,1
M6N,<16,7138.6,2
M6N,16-39,14104.4,2
M6N,40-44,3112,2
M6N,45-49,2850,2
M6N,50-54,3002,2
M6N,55-59,3393,2
M6N,60-64,2875,2
M6N,65-69,2231,2
M6N,70-74,1632,2
M6N,75-79,1130,2
M6N,80+,1678,2
M6P,<16,6257.4,5
M6P,16-39,15071.6,5
M6P,40-44,3746,5
M6P,45-49,3269,5
M6P,50-54,2741,5
M6P,55-59,2670,5
M6P,60-64,2273,5
M6P,65-69,1928,5
M6P,70-74,1506,5
M6P,75-79,900,5
M6P,80+,1367,5
M6R,<16,3357.4,5
M6R,16-39,7161.6,5
M6R,40-44,1804,5
M6R,45-49,1753,5
M6R,50-54,1548,5
M6R,55-59,1447,5
M6R,60-64,1112,5
M6R,65-69,852,5
M6R,70-74,659,5
M6R,75-79,403,5
M6R,80+,816,5
M6S,<16,6702.8,6
M6S,16-39,10773.2,6
M6S,40-44,2899,6
M6S,45-49,2782,6
M6S,50-54,2569,6
M6S,55-59,2577,6
M6S,60-64,2187,6
M6S,65-69,1809,6
M6S,70-74,1420,6
M6S,75-79,898,6
M6S,80+,1401,6
M8V,<16,5365,3
M8V,16-39,14703,3
M8V,40-44,3095,3
M8V,45-49,2797,3
M8V,50-54,2786,3
M8V,55-59,3170,3
M8V,60-64,2874,3
M8V,65-69,2431,3
M8V,70-74,1843,3
M8V,75-79,1288,3
M8V,80+,1737,3
M8W,<16,3542.2,4
M8W,16-39,7035.8,4
M8W,40-44,1707,4
M8W,45-49,1484,4
M8W,50-54,1635,4
M8W,55-59,1805,4
M8W,60-64,1594,4
M8W,65-69,1230,4
M8W,70-74,898,4
M8W,75-79,577,4
M8W,80+,973,4
M8X,<16,1594.4,7
M8X,16-39,2846.6,7
M8X,40-44,658,7
M8X,45-49,753,7
M8X,50-54,850,7
M8X,55-59,849,7
M8X,60-64,771,7
M8X,65-69,782,7
M8X,70-74,767,7
M8X,75-79,537,7
M8X,80+,846,7
M8Y,<16,3691.2,4
M8Y,16-39,7337.8,4
M8Y,40-44,1819,4
M8Y,45-49,1659,4
M8Y,50-54,1619,4
M8Y,55-59,1685,4
M8Y,60-64,1470,4
M8Y,65-69,1134,4
M8Y,70-74,866,4
M8Y,75-79,524,4
M8Y,80+,830,4
M8Z,<16,3012.6,4
M8Z,16-39,5874.4,4
M8Z,40-44,1525,4
M8Z,45-49,1404,4
M8Z,50-54,1337,4
M8Z,55-59,1299,4
M8Z,60-64,1147,4
M8Z,65-69,913,4
M8Z,70-74,693,4
M8Z,75-79,526,4
M8Z,80+,978,4
M9A,<16,5341.6,3
M9A,16-39,11585.4,3
M9A,40-44,2411,3
M9A,45-49,2352,3
M9A,50-54,2657,3
M9A,55-59,2743,3
M9A,60-64,2597,3
M9A,65-69,2123,3
M9A,70-74,1691,3
M9A,75-79,1202,3
M9A,80+,2542,3
M9B,<16,5791.8,3
M9B,16-39,11054.2,3
M9B,40-44,2370,3
M9B,45-49,2308,3
M9B,50-54,2533,3
M9B,55-59,2724,3
M9B,60-64,2312,3
M9B,65-69,1774,3
M9B,70-74,1391,3
M9B,75-79,1025,3
M9B,80+,1860,3
M9C,<16,5808,3
M9C,16-39,11911,3
M9C,40-44,2351,3
M9C,45-49,2477,3
M9C,50-54,2987,3
M9C,55-59,3303,3
M9C,60-64,2919,3
M9C,65-69,2321,3
M9C,70-74,1942,3
M9C,75-79,1472,3
M9C,80+,2962,3
M9L,<16,2255.6,1
M9L,16-39,3995.4,1
M9L,40-44,794,1
M9L,45-49,767,1
M9L,50-54,866,1
M9L,55-59,900,1
M9L,60-64,653,1
M9L,65-69,570,1
M9L,70-74,546,1
M9L,75-79,514,1
M9L,80+,854,1
M9M,<16,4973.4,1
M9M,16-39,8429.6,1
M9M,40-44,1713,1
M9M,45-49,1638,1
M9M,50-54,1809,1
M9M,55-59,1759,1
M9M,60-64,1474,1
M9M,65-69,1059,1
M9M,70-74,865,1
M9M,75-79,600,1
M9M,80+,1053,1
M9N,<16,5107.2,1
M9N,16-39,8780.8,1
M9N,40-44,1743,1
M9N,45-49,1804,1
M9N,50-54,1955,1
M9N,55-59,2058,1
M9N,60-64,1792,1
M9N,65-69,1327,1
M9N,70-74,948,1
M9N,75-79,633,1
M9N,80+,1110,1
M9P,<16,3612.8,2
M9P,16-39,6148.2,2
M9P,40-44,1310,2
M9P,45-49,1328,2
M9P,50-54,1535,2
M9P,55-59,1626,2
M9P,60-64,1421,2
M9P,65-69,1186,2
M9P,70-74,1006,2
M9P,75-79,831,2
M9P,80+,2034,2
M9R,<16,6838,1
M9R,16-39,11683,1
M9R,40-44,2360,1
M9R,45-49,2241,1
M9R,50-54,2528,1
M9R,55-59,2567,1
M9R,60-64,2268,1
M9R,65-69,1861,1
M9R,70-74,1605,1
M9R,75-79,1135,1
M9R,80+,2251,1
M9V,<16,11480.8,1
M9V,16-39,20440.2,1
M9V,40-44,3746,1
M9V,45-49,3990,1
M9V,50-54,4156,1
M9V,55-59,3957,1
M9V,60-64,3414,1
M9V,65-69,2648,1
M9V,70-74,2153,1
M9V,75-79,1557,1
M9V,80+,2312,1
M9W,<16,7475.6,1
M9W,16-39,14992.4,1
M9W,40-44,2692,1
M9W,45-49,2591,1
M9W,50-54,3061,1
M9W,55-59,3167,1
M9W,60-64,2823,1
M9W,65-69,2119,1
M9W,70-74,1744,1
M9W,75-79,1245,1
M9W,80+,2222,1
N0A,<16,7115,8
N0A,16-39,11416,8
N0A,40-44,2063,8
N0A,45-49,2164,8
N0A,50-54,2656,8
N0A,55-59,3507,8
N0A,60-64,3616,8
N0A,65-69,3193,8
N0A,70-74,2539,8
N0A,75-79,1613,8
N0A,80+,1725,8
N0B,<16,16054.8,7
N0B,16-39,23651.2,7
N0B,40-44,5333,7
N0B,45-49,5818,7
N0B,50-54,5902,7
N0B,55-59,6986,7
N0B,60-64,6076,7
N0B,65-69,4998,7
N0B,70-74,4153,7
N0B,75-79,2729,7
N0B,80+,3174,7
N0C,<16,3183.4,8
N0C,16-39,4869.6,8
N0C,40-44,932,8
N0C,45-49,944,8
N0C,50-54,1139,8
N0C,55-59,1458,8
N0C,60-64,1407,8
N0C,65-69,1071,8
N0C,70-74,911,8
N0C,75-79,632,8
N0C,80+,760,8
N0E,<16,6708.2,6
N0E,16-39,10738.8,6
N0E,40-44,2326,6
N0E,45-49,2428,6
N0E,50-54,2737,6
N0E,55-59,3272,6
N0E,60-64,3007,6
N0E,65-69,2570,6
N0E,70-74,2044,6
N0E,75-79,1392,6
N0E,80+,1482,6
N0G,<16,16326.6,8
N0G,16-39,24124.4,8
N0G,40-44,4349,8
N0G,45-49,4408,8
N0G,50-54,5017,8
N0G,55-59,6595,8
N0G,60-64,6232,8
N0G,65-69,5396,8
N0G,70-74,4493,8
N0G,75-79,2949,8
N0G,80+,4092,8
N0H,<16,7638.6,10
N0H,16-39,12829.4,10
N0H,40-44,2697,10
N0H,45-49,2687,10
N0H,50-54,2957,10
N0H,55-59,4494,10
N0H,60-64,5126,10
N0H,65-69,4856,10
N0H,70-74,3886,10
N0H,75-79,2444,10
N0H,80+,2881,10
N0J,<16,7619.4,5
N0J,16-39,10344.6,5
N0J,40-44,2006,5
N0J,45-49,2047,5
N0J,50-54,2176,5
N0J,55-59,2485,5
N0J,60-64,2327,5
N0J,65-69,1968,5
N0J,70-74,1489,5
N0J,75-79,890,5
N0J,80+,1037,5
N0K,<16,5557.8,8
N0K,16-39,7694.2,8
N0K,40-44,1361,8
N0K,45-49,1349,8
N0K,50-54,1495,8
N0K,55-59,1749,8
N0K,60-64,1724,8
N0K,65-69,1469,8
N0K,70-74,1034,8
N0K,75-79,739,8
N0K,80+,1094,8
N0L,<16,9595.4,8
N0L,16-39,14653.6,8
N0L,40-44,3119,8
N0L,45-49,3375,8
N0L,50-54,3778,8
N0L,55-59,4558,8
N0L,60-64,4063,8
N0L,65-69,3278,8
N0L,70-74,2758,8
N0L,75-79,1814,8
N0L,80+,2035,8
N0M,<16,12044.6,9
N0M,16-39,18414.4,9
N0M,40-44,3916,9
N0M,45-49,3865,9
N0M,50-54,4306,9
N0M,55-59,5719,9
N0M,60-64,5418,9
N0M,65-69,5053,9
N0M,70-74,4393,9
N0M,75-79,2902,9
N0M,80+,3398,9
N0N,<16,7548.2,7
N0N,16-39,11847.8,7
N0N,40-44,2460,7
N0N,45-49,2488,7
N0N,50-54,2637,7
N0N,55-59,3360,7
N0N,60-64,3596,7
N0N,65-69,3000,7
N0N,70-74,2451,7
N0N,75-79,1718,7
N0N,80+,1991,7
N0P,<16,9778.2,3
N0P,16-39,15455.8,3
N0P,40-44,3103,3
N0P,45-49,3318,3
N0P,50-54,3538,3
N0P,55-59,4598,3
N0P,60-64,4599,3
N0P,65-69,3794,3
N0P,70-74,3135,3
N0P,75-79,2079,3
N0P,80+,2525,3
N0R,<16,9107,6
N0R,16-39,14162,6
N0R,40-44,3442,6
N0R,45-49,3630,6
N0R,50-54,3736,6
N0R,55-59,4136,6
N0R,60-64,3559,6
N0R,65-69,2894,6
N0R,70-74,2377,6
N0R,75-79,1525,6
N0R,80+,1713,6
N1A,<16,2355.8,8
N1A,16-39,3570.2,8
N1A,40-44,655,8
N1A,45-49,704,8
N1A,50-54,851,8
N1A,55-59,1094,8
N1A,60-64,1058,8
N1A,65-69,899,8
N1A,70-74,709,8
N1A,75-79,575,8
N1A,80+,791,8
N1C,<16,690.6,5
N1C,16-39,1179.4,5
N1C,40-44,244,5
N1C,45-49,308,5
N1C,50-54,392,5
N1C,55-59,343,5
N1C,60-64,274,5
N1C,65-69,190,5
N1C,70-74,140,5
N1C,75-79,84,5
N1C,80+,103,5
N1E,<16,8708.4,6
N1E,16-39,15084.6,6
N1E,40-44,3321,6
N1E,45-49,3063,6
N1E,50-54,2795,6
N1E,55-59,3081,6
N1E,60-64,2467,6
N1E,65-69,1945,6
N1E,70-74,1610,6
N1E,75-79,1113,6
N1E,80+,1815,6
N1G,<16,4554.4,7
N1G,16-39,10016.6,7
N1G,40-44,1626,7
N1G,45-49,1868,7
N1G,50-54,1714,7
N1G,55-59,1852,7
N1G,60-64,1641,7
N1G,65-69,1442,7
N1G,70-74,1358,7
N1G,75-79,1003,7
N1G,80+,1573,7
N1H,<16,7108.4,5
N1H,16-39,14646.6,5
N1H,40-44,2845,5
N1H,45-49,2723,5
N1H,50-54,2914,5
N1H,55-59,3294,5
N1H,60-64,2918,5
N1H,65-69,2399,5
N1H,70-74,1940,5
N1H,75-79,1416,5
N1H,80+,2309,5
N1K,<16,1946.2,3
N1K,16-39,3813.8,3
N1K,40-44,734,3
N1K,45-49,818,3
N1K,50-54,850,3
N1K,55-59,834,3
N1K,60-64,735,3
N1K,65-69,526,3
N1K,70-74,348,3
N1K,75-79,216,3
N1K,80+,225,3
N1L,<16,3366.6,5
N1L,16-39,5861.4,5
N1L,40-44,1300,5
N1L,45-49,1363,5
N1L,50-54,1160,5
N1L,55-59,1041,5
N1L,60-64,743,5
N1L,65-69,572,5
N1L,70-74,464,5
N1L,75-79,329,5
N1L,80+,393,5
N1M,<16,3190.2,9
N1M,16-39,5356.8,9
N1M,40-44,1068,9
N1M,45-49,1044,9
N1M,50-54,1123,9
N1M,55-59,1370,9
N1M,60-64,1248,9
N1M,65-69,1099,9
N1M,70-74,947,9
N1M,75-79,656,9
N1M,80+,983,9
N1P,<16,1985.8,8
N1P,16-39,2737.2,8
N1P,40-44,685,8
N1P,45-49,759,8
N1P,50-54,605,8
N1P,55-59,508,8
N1P,60-64,321,8
N1P,65-69,241,8
N1P,70-74,181,8
N1P,75-79,113,8
N1P,80+,111,8
N1R,<16,7474,8
N1R,16-39,14337,8
N1R,40-44,2686,8
N1R,45-49,2711,8
N1R,50-54,3172,8
N1R,55-59,3408,8
N1R,60-64,2931,8
N1R,65-69,2312,8
N1R,70-74,2005,8
N1R,75-79,1427,8
N1R,80+,2154,8
N1S,<16,3426.2,8
N1S,16-39,6168.8,8
N1S,40-44,1329,8
N1S,45-49,1327,8
N1S,50-54,1346,8
N1S,55-59,1589,8
N1S,60-64,1470,8
N1S,65-69,1253,8
N1S,70-74,992,8
N1S,75-79,626,8
N1S,80+,934,8
N1T,<16,4128.4,5
N1T,16-39,6605.6,5
N1T,40-44,1452,5
N1T,45-49,1498,5
N1T,50-54,1418,5
N1T,55-59,1473,5
N1T,60-64,1085,5
N1T,65-69,768,5
N1T,70-74,613,5
N1T,75-79,443,5
N1T,80+,512,5
N2A,<16,6328.6,5
N2A,16-39,10228.4,5
N2A,40-44,2345,5
N2A,45-49,2103,5
N2A,50-54,2084,5
N2A,55-59,2138,5
N2A,60-64,1973,5
N2A,65-69,1605,5
N2A,70-74,1315,5
N2A,75-79,988,5
N2A,80+,1387,5
N2B,<16,2611,7
N2B,16-39,5510,7
N2B,40-44,1024,7
N2B,45-49,1021,7
N2B,50-54,1233,7
N2B,55-59,1467,7
N2B,60-64,1249,7
N2B,65-69,968,7
N2B,70-74,794,7
N2B,75-79,593,7
N2B,80+,943,7
N2C,<16,3246.8,3
N2C,16-39,6268.2,3
N2C,40-44,1136,3
N2C,45-49,1045,3
N2C,50-54,1046,3
N2C,55-59,1121,3
N2C,60-64,1042,3
N2C,65-69,816,3
N2C,70-74,741,3
N2C,75-79,629,3
N2C,80+,853,3
N2E,<16,8658.2,5
N2E,16-39,14668.8,5
N2E,40-44,3053,5
N2E,45-49,2957,5
N2E,50-54,2747,5
N2E,55-59,2702,5
N2E,60-64,2253,5
N2E,65-69,1746,5
N2E,70-74,1306,5
N2E,75-79,851,5
N2E,80+,1085,5
N2G,<16,2170.2,6
N2G,16-39,6090.8,6
N2G,40-44,1007,6
N2G,45-49,929,6
N2G,50-54,991,6
N2G,55-59,1049,6
N2G,60-64,939,6
N2G,65-69,738,6
N2G,70-74,662,6
N2G,75-79,479,6
N2G,80+,701,6
N2H,<16,3198.6,8
N2H,16-39,8196.4,8
N2H,40-44,1455,8
N2H,45-49,1310,8
N2H,50-54,1490,8
N2H,55-59,1587,8
N2H,60-64,1408,8
N2H,65-69,1170,8
N2H,70-74,886,8
N2H,75-79,604,8
N2H,80+,962,8
N2J,<16,2468.2,7
N2J,16-39,6546.8,7
N2J,40-44,1051,7
N2J,45-49,1005,7
N2J,50-54,1047,7
N2J,55-59,1224,7
N2J,60-64,1122,7
N2J,65-69,991,7
N2J,70-74,928,7
N2J,75-79,776,7
N2J,80+,1310,7
N2K,<16,5447,8
N2K,16-39,9551,8
N2K,40-44,2019,8
N2K,45-49,2408,8
N2K,50-54,2423,8
N2K,55-59,2251,8
N2K,60-64,1810,8
N2K,65-69,1391,8
N2K,70-74,1052,8
N2K,75-79,656,8
N2K,80+,861,8
N2L,<16,4411,6
N2L,16-39,11286,6
N2L,40-44,1617,6
N2L,45-49,1543,6
N2L,50-54,1661,6
N2L,55-59,1740,6
N2L,60-64,1612,6
N2L,65-69,1431,6
N2L,70-74,1274,6
N2L,75-79,1015,6
N2L,80+,1591,6
N2M,<16,6726.6,4
N2M,16-39,13121.4,4
N2M,40-44,2290,4
N2M,45-49,2160,4
N2M,50-54,2223,4
N2M,55-59,2429,4
N2M,60-64,2075,4
N2M,65-69,1631,4
N2M,70-74,1437,4
N2M,75-79,1000,4
N2M,80+,1467,4
N2N,<16,5210.8,6
N2N,16-39,9335.2,6
N2N,40-44,1809,6
N2N,45-49,1879,6
N2N,50-54,1828,6
N2N,55-59,2080,6
N2N,60-64,1820,6
N2N,65-69,1361,6
N2N,70-74,1127,6
N2N,75-79,730,6
N2N,80+,897,6
N2P,<16,4606,5
N2P,16-39,7649,5
N2P,40-44,1741,5
N2P,45-49,1712,5
N2P,50-54,1540,5
N2P,55-59,1474,5
N2P,60-64,1253,5
N2P,65-69,1074,5
N2P,70-74,798,5
N2P,75-79,490,5
N2P,80+,552,5
N2R,<16,4344.8,4
N2R,16-39,6139.2,4
N2R,40-44,1511,4
N2R,45-49,1242,4
N2R,50-54,1014,4
N2R,55-59,761,4
N2R,60-64,592,4
N2R,65-69,407,4
N2R,70-74,290,4
N2R,75-79,126,4
N2R,80+,132,4
N2T,<16,4196.8,8
N2T,16-39,6832.2,8
N2T,40-44,1563,8
N2T,45-49,1698,8
N2T,50-54,1707,8
N2T,55-59,1660,8
N2T,60-64,1353,8
N2T,65-69,1099,8
N2T,70-74,831,8
N2T,75-79,510,8
N2T,80+,711,8
N2V,<16,3918.8,9
N2V,16-39,6188.2,9
N2V,40-44,1404,9
N2V,45-49,1540,9
N2V,50-54,1580,9
N2V,55-59,1495,9
N2V,60-64,1063,9
N2V,65-69,766,9
N2V,70-74,578,9
N2V,75-79,341,9
N2V,80+,546,9
N2Z,<16,2073.2,10
N2Z,16-39,3225.8,10
N2Z,40-44,662,10
N2Z,45-49,610,10
N2Z,50-54,617,10
N2Z,55-59,908,10
N2Z,60-64,1051,10
N2Z,65-69,1006,10
N2Z,70-74,816,10
N2Z,75-79,512,10
N2Z,80+,640,10
N3A,<16,3566.6,9
N3A,16-39,4947.4,9
N3A,40-44,1177,9
N3A,45-49,1164,9
N3A,50-54,1044,9
N3A,55-59,979,9
N3A,60-64,976,9
N3A,65-69,1024,9
N3A,70-74,925,9
N3A,75-79,705,9
N3A,80+,836,9
N3B,<16,2571.2,5
N3B,16-39,3831.8,5
N3B,40-44,775,5
N3B,45-49,775,5
N3B,50-54,714,5
N3B,55-59,845,5
N3B,60-64,781,5
N3B,65-69,608,5
N3B,70-74,562,5
N3B,75-79,428,5
N3B,80+,571,5
N3C,<16,5896.4,1
N3C,16-39,9440.6,1
N3C,40-44,2114,1
N3C,45-49,2293,1
N3C,50-54,2106,1
N3C,55-59,2129,1
N3C,60-64,1648,1
N3C,65-69,1242,1
N3C,70-74,1016,1
N3C,75-79,666,1
N3C,80+,717,1
N3H,<16,3845.4,6
N3H,16-39,7541.6,6
N3H,40-44,1497,6
N3H,45-49,1661,6
N3H,50-54,1649,6
N3H,55-59,1808,6
N3H,60-64,1538,6
N3H,65-69,1360,6
N3H,70-74,1182,6
N3H,75-79,788,6
N3H,80+,1248,6
N3L,<16,2661,8
N3L,16-39,4468,8
N3L,40-44,975,8
N3L,45-49,1052,8
N3L,50-54,1043,8
N3L,55-59,1165,8
N3L,60-64,1066,8
N3L,65-69,959,8
N3L,70-74,856,8
N3L,75-79,581,8
N3L,80+,917,8
N3P,<16,1665,9
N3P,16-39,2891,9
N3P,40-44,533,9
N3P,45-49,525,9
N3P,50-54,577,9
N3P,55-59,649,9
N3P,60-64,694,9
N3P,65-69,583,9
N3P,70-74,358,9
N3P,75-79,189,9
N3P,80+,271,9
N3R,<16,5784.4,9
N3R,16-39,10434.6,9
N3R,40-44,2182,9
N3R,45-49,2187,9
N3R,50-54,2373,9
N3R,55-59,2782,9
N3R,60-64,2644,9
N3R,65-69,2409,9
N3R,70-74,2156,9
N3R,75-79,1609,9
N3R,80+,2393,9
N3S,<16,4879.2,8
N3S,16-39,8985.8,8
N3S,40-44,1793,8
N3S,45-49,1683,8
N3S,50-54,1705,8
N3S,55-59,2108,8
N3S,60-64,1841,8
N3S,65-69,1481,8
N3S,70-74,1097,8
N3S,75-79,727,8
N3S,80+,1005,8
N3T,<16,7477.4,6
N3T,16-39,11700.6,6
N3T,40-44,2640,6
N3T,45-49,2511,6
N3T,50-54,2335,6
N3T,55-59,2530,6
N3T,60-64,2187,6
N3T,65-69,1926,6
N3T,70-74,1540,6
N3T,75-79,1013,6
N3T,80+,1438,6
N3V,<16,273.8,10
N3V,16-39,476.2,10
N3V,40-44,116,10
N3V,45-49,100,10
N3V,50-54,118,10
N3V,55-59,155,10
N3V,60-64,122,10
N3V,65-69,111,10
N3V,70-74,66,10
N3V,75-79,46,10
N3V,80+,53,10
N3W,<16,2905,8
N3W,16-39,4821,8
N3W,40-44,958,8
N3W,45-49,1046,8
N3W,50-54,1049,8
N3W,55-59,1203,8
N3W,60-64,961,8
N3W,65-69,803,8
N3W,70-74,662,8
N3W,75-79,404,8
N3W,80+,382,8
N3Y,<16,3485,8
N3Y,16-39,6381,8
N3Y,40-44,1271,8
N3Y,45-49,1327,8
N3Y,50-54,1543,8
N3Y,55-59,1938,8
N3Y,60-64,1940,8
N3Y,65-69,1878,8
N3Y,70-74,1574,8
N3Y,75-79,1109,8
N3Y,80+,1572,8
N4B,<16,1467.4,9
N4B,16-39,2426.6,9
N4B,40-44,541,9
N4B,45-49,492,9
N4B,50-54,538,9
N4B,55-59,670,9
N4B,60-64,660,9
N4B,65-69,567,9
N4B,70-74,465,9
N4B,75-79,323,9
N4B,80+,456,9
N4G,<16,3507.2,5
N4G,16-39,5686.8,5
N4G,40-44,1178,5
N4G,45-49,1278,5
N4G,50-54,1255,5
N4G,55-59,1503,5
N4G,60-64,1509,5
N4G,65-69,1516,5
N4G,70-74,1414,5
N4G,75-79,1109,5
N4G,80+,1580,5
N4K,<16,4497,10
N4K,16-39,8158,10
N4K,40-44,1583,10
N4K,45-49,1667,10
N4K,50-54,1879,10
N4K,55-59,2400,10
N4K,60-64,2357,10
N4K,65-69,2148,10
N4K,70-74,1882,10
N4K,75-79,1326,10
N4K,80+,2165,10
N4L,<16,1167.4,10
N4L,16-39,1995.6,10
N4L,40-44,401,10
N4L,45-49,375,10
N4L,50-54,486,10
N4L,55-59,643,10
N4L,60-64,778,10
N4L,65-69,764,10
N4L,70-74,706,10
N4L,75-79,515,10
N4L,80+,648,10
N4N,<16,1599.8,10
N4N,16-39,2663.2,10
N4N,40-44,522,10
N4N,45-49,606,10
N4N,50-54,655,10
N4N,55-59,758,10
N4N,60-64,813,10
N4N,65-69,787,10
N4N,70-74,745,10
N4N,75-79,505,10
N4N,80+,787,10
N4S,<16,5560.4,9
N4S,16-39,10659.6,9
N4S,40-44,1999,9
N4S,45-49,2122,9
N4S,50-54,2254,9
N4S,55-59,2696,9
N4S,60-64,2534,9
N4S,65-69,1964,9
N4S,70-74,1682,9
N4S,75-79,1075,9
N4S,80+,1653,9
N4T,<16,3077.8,7
N4T,16-39,4234.2,7
N4T,40-44,1015,7
N4T,45-49,917,7
N4T,50-54,762,7
N4T,55-59,826,7
N4T,60-64,762,7
N4T,65-69,769,7
N4T,70-74,708,7
N4T,75-79,514,7
N4T,80+,547,7
N4V,<16,672.8,10
N4V,16-39,1031.2,10
N4V,40-44,221,10
N4V,45-49,213,10
N4V,50-54,167,10
N4V,55-59,182,10
N4V,60-64,133,10
N4V,65-69,147,10
N4V,70-74,167,10
N4V,75-79,161,10
N4V,80+,369,10
N4W,<16,2555.4,5
N4W,16-39,3852.6,5
N4W,40-44,676,5
N4W,45-49,673,5
N4W,50-54,604,5
N4W,55-59,769,5
N4W,60-64,856,5
N4W,65-69,659,5
N4W,70-74,583,5
N4W,75-79,414,5
N4W,80+,630,5
N4X,<16,1615.6,9
N4X,16-39,2742.4,9
N4X,40-44,549,9
N4X,45-49,647,9
N4X,50-54,625,9
N4X,55-59,854,9
N4X,60-64,725,9
N4X,65-69,725,9
N4X,70-74,575,9
N4X,75-79,450,9
N4X,80+,625,9
N4Z,<16,471.8,9
N4Z,16-39,786.2,9
N4Z,40-44,138,9
N4Z,45-49,142,9
N4Z,50-54,158,9
N4Z,55-59,204,9
N4Z,60-64,180,9
N4Z,65-69,130,9
N4Z,70-74,117,9
N4Z,75-79,86,9
N4Z,80+,63,9
N5A,<16,4987.8,9
N5A,16-39,9450.2,9
N5A,40-44,2027,9
N5A,45-49,2061,9
N5A,50-54,2102,9
N5A,55-59,2703,9
N5A,60-64,2575,9
N5A,65-69,2319,9
N5A,70-74,1929,9
N5A,75-79,1360,9
N5A,80+,2088,9
N5C,<16,3044,9
N5C,16-39,4866,9
N5C,40-44,983,9
N5C,45-49,1043,9
N5C,50-54,1109,9
N5C,55-59,1287,9
N5C,60-64,1112,9
N5C,65-69,874,9
N5C,70-74,668,9
N5C,75-79,489,9
N5C,80+,670,9
N5H,<16,3705.8,2
N5H,16-39,4945.2,2
N5H,40-44,855,2
N5H,45-49,921,2
N5H,50-54,941,2
N5H,55-59,1116,2
N5H,60-64,1016,2
N5H,65-69,778,2
N5H,70-74,648,2
N5H,75-79,468,2
N5H,80+,672,2
N5L,<16,317.8,9
N5L,16-39,708.2,9
N5L,40-44,153,9
N5L,45-49,179,9
N5L,50-54,232,9
N5L,55-59,359,9
N5L,60-64,380,9
N5L,65-69,392,9
N5L,70-74,340,9
N5L,75-79,173,9
N5L,80+,196,9
N5P,<16,3877.4,8
N5P,16-39,6271.6,8
N5P,40-44,1473,8
N5P,45-49,1453,8
N5P,50-54,1468,8
N5P,55-59,1619,8
N5P,60-64,1434,8
N5P,65-69,1213,8
N5P,70-74,1086,8
N5P,75-79,717,8
N5P,80+,850,8
N5R,<16,5127.2,8
N5R,16-39,8346.8,8
N5R,40-44,1914,8
N5R,45-49,1983,8
N5R,50-54,1945,8
N5R,55-59,2307,8
N5R,60-64,2068,8
N5R,65-69,1885,8
N5R,70-74,1739,8
N5R,75-79,1276,8
N5R,80+,1537,8
N5V,<16,5885.4,7
N5V,16-39,11174.6,7
N5V,40-44,1897,7
N5V,45-49,1870,7
N5V,50-54,2145,7
N5V,55-59,2572,7
N5V,60-64,2092,7
N5V,65-69,1475,7
N5V,70-74,1126,7
N5V,75-79,804,7
N5V,80+,1021,7
N5W,<16,3609,9
N5W,16-39,8805,9
N5W,40-44,1669,9
N5W,45-49,1571,9
N5W,50-54,1762,9
N5W,55-59,2157,9
N5W,60-64,1907,9
N5W,65-69,1425,9
N5W,70-74,1074,9
N5W,75-79,648,9
N5W,80+,965,9
N5X,<16,7132.4,8
N5X,16-39,10705.6,8
N5X,40-44,2501,8
N5X,45-49,2583,8
N5X,50-54,2382,8
N5X,55-59,2376,8
N5X,60-64,2009,8
N5X,65-69,1760,8
N5X,70-74,1595,8
N5X,75-79,1228,8
N5X,80+,1782,8
N5Y,<16,6570.4,6
N5Y,16-39,13201.6,6
N5Y,40-44,2113,6
N5Y,45-49,2094,6
N5Y,50-54,2154,6
N5Y,55-59,2585,6
N5Y,60-64,2109,6
N5Y,65-69,1597,6
N5Y,70-74,1211,6
N5Y,75-79,858,6
N5Y,80+,1143,6
N5Z,<16,4279.8,9
N5Z,16-39,8398.2,9
N5Z,40-44,1518,9
N5Z,45-49,1522,9
N5Z,50-54,1692,9
N5Z,55-59,2108,9
N5Z,60-64,1858,9
N5Z,65-69,1284,9
N5Z,70-74,984,9
N5Z,75-79,626,9
N5Z,80+,766,9
N6A,<16,924,4
N6A,16-39,5153,4
N6A,40-44,580,4
N6A,45-49,613,4
N6A,50-54,661,4
N6A,55-59,795,4
N6A,60-64,769,4
N6A,65-69,647,4
N6A,70-74,556,4
N6A,75-79,418,4
N6A,80+,973,4
N6B,<16,1296.8,9
N6B,16-39,4599.2,9
N6B,40-44,695,9
N6B,45-49,707,9
N6B,50-54,765,9
N6B,55-59,836,9
N6B,60-64,774,9
N6B,65-69,588,9
N6B,70-74,433,9
N6B,75-79,249,9
N6B,80+,340,9
N6C,<16,4794.4,8
N6C,16-39,10115.6,8
N6C,40-44,2036,8
N6C,45-49,1968,8
N6C,50-54,2142,8
N6C,55-59,2328,8
N6C,60-64,2259,8
N6C,65-69,1857,8
N6C,70-74,1516,8
N6C,75-79,928,8
N6C,80+,1190,8
N6E,<16,5868.8,7
N6E,16-39,9659.2,7
N6E,40-44,1862,7
N6E,45-49,1725,7
N6E,50-54,1802,7
N6E,55-59,1967,7
N6E,60-64,1855,7
N6E,65-69,1575,7
N6E,70-74,1249,7
N6E,75-79,776,7
N6E,80+,962,7
N6G,<16,9694.4,8
N6G,16-39,15796.6,8
N6G,40-44,3271,8
N6G,45-49,2878,8
N6G,50-54,2997,8
N6G,55-59,3078,8
N6G,60-64,2678,8
N6G,65-69,2315,8
N6G,70-74,1848,8
N6G,75-79,1275,8
N6G,80+,1833,8
N6H,<16,6614.4,7
N6H,16-39,13225.6,7
N6H,40-44,2426,7
N6H,45-49,2296,7
N6H,50-54,2497,7
N6H,55-59,2743,7
N6H,60-64,2448,7
N6H,65-69,2411,7
N6H,70-74,2021,7
N6H,75-79,1591,7
N6H,80+,2971,7
N6J,<16,4191,8
N6J,16-39,8480,8
N6J,40-44,1574,8
N6J,45-49,1556,8
N6J,50-54,1758,8
N6J,55-59,2067,8
N6J,60-64,1993,8
N6J,65-69,1786,8
N6J,70-74,1623,8
N6J,75-79,1239,8
N6J,80+,1807,8
N6K,<16,6778,8
N6K,16-39,10169,8
N6K,40-44,2431,8
N6K,45-49,2387,8
N6K,50-54,2306,8
N6K,55-59,2527,8
N6K,60-64,2470,8
N6K,65-69,2509,8
N6K,70-74,2388,8
N6K,75-79,1738,8
N6K,80+,2262,8
N6L,<16,1190.6,4
N6L,16-39,1832.4,4
N6L,40-44,374,4
N6L,45-49,333,4
N6L,50-54,298,4
N6L,55-59,312,4
N6L,60-64,259,4
N6L,65-69,227,4
N6L,70-74,171,4
N6L,75-79,126,4
N6L,80+,216,4
N6M,<16,1700.6,5
N6M,16-39,2355.4,5
N6M,40-44,566,5
N6M,45-49,565,5
N6M,50-54,509,5
N6M,55-59,478,5
N6M,60-64,338,5
N6M,65-69,294,5
N6M,70-74,220,5
N6M,75-79,144,5
N6M,80+,161,5
N6P,<16,2009.8,8
N6P,16-39,2893.2,8
N6P,40-44,730,8
N6P,45-49,700,8
N6P,50-54,612,8
N6P,55-59,691,8
N6P,60-64,672,8
N6P,65-69,621,8
N6P,70-74,475,8
N6P,75-79,308,8
N6P,80+,393,8
N7A,<16,1697.8,10
N7A,16-39,2873.2,10
N7A,40-44,599,10
N7A,45-49,631,10
N7A,50-54,710,10
N7A,55-59,945,10
N7A,60-64,1113,10
N7A,65-69,1133,10
N7A,70-74,987,10
N7A,75-79,679,10
N7A,80+,913,10
N7G,<16,3359.4,9
N7G,16-39,5646.6,9
N7G,40-44,1162,9
N7G,45-49,1195,9
N7G,50-54,1267,9
N7G,55-59,1510,9
N7G,60-64,1385,9
N7G,65-69,1144,9
N7G,70-74,1056,9
N7G,75-79,792,9
N7G,80+,1222,9
N7L,<16,4212,8
N7L,16-39,7012,8
N7L,40-44,1489,8
N7L,45-49,1510,8
N7L,50-54,1606,8
N7L,55-59,1940,8
N7L,60-64,1967,8
N7L,65-69,1846,8
N7L,70-74,1632,8
N7L,75-79,1149,8
N7L,80+,1628,8
N7M,<16,4454.6,8
N7M,16-39,7476.4,8
N7M,40-44,1517,8
N7M,45-49,1515,8
N7M,50-54,1686,8
N7M,55-59,2154,8
N7M,60-64,1908,8
N7M,65-69,1607,8
N7M,70-74,1392,8
N7M,75-79,954,8
N7M,80+,1441,8
N7S,<16,5263.2,5
N7S,16-39,8835.8,5
N7S,40-44,1839,5
N7S,45-49,1775,5
N7S,50-54,1714,5
N7S,55-59,1999,5
N7S,60-64,2142,5
N7S,65-69,1855,5
N7S,70-74,1553,5
N7S,75-79,1067,5
N7S,80+,1674,5
N7T,<16,3822.6,6
N7T,16-39,8200.4,6
N7T,40-44,1446,6
N7T,45-49,1551,6
N7T,50-54,1629,6
N7T,55-59,2178,6
N7T,60-64,2138,6
N7T,65-69,1851,6
N7T,70-74,1444,6
N7T,75-79,971,6
N7T,80+,1525,6
N7V,<16,1702.6,6
N7V,16-39,3204.4,6
N7V,40-44,590,6
N7V,45-49,649,6
N7V,50-54,745,6
N7V,55-59,909,6
N7V,60-64,1024,6
N7V,65-69,955,6
N7V,70-74,825,6
N7V,75-79,623,6
N7V,80+,956,6
N7W,<16,200.4,7
N7W,16-39,369.6,7
N7W,40-44,97,7
N7W,45-49,94,7
N7W,50-54,123,7
N7W,55-59,162,7
N7W,60-64,210,7
N7W,65-69,316,7
N7W,70-74,335,7
N7W,75-79,242,7
N7W,80+,349,7
N7X,<16,139.2,6
N7X,16-39,271.8,6
N7X,40-44,53,6
N7X,45-49,56,6
N7X,50-54,76,6
N7X,55-59,107,6
N7X,60-64,108,6
N7X,65-69,114,6
N7X,70-74,81,6
N7X,75-79,54,6
N7X,80+,69,6
N8A,<16,2525.2,6
N8A,16-39,4019.8,6
N8A,40-44,749,6
N8A,45-49,800,6
N8A,50-54,888,6
N8A,55-59,1220,6
N8A,60-64,1303,6
N8A,65-69,1058,6
N8A,70-74,817,6
N8A,75-79,532,6
N8A,80+,787,6
N8H,<16,5136.8,1
N8H,16-39,9391.2,1
N8H,40-44,1993,1
N8H,45-49,1776,1
N8H,50-54,1886,1
N8H,55-59,1972,1
N8H,60-64,1874,1
N8H,65-69,1529,1
N8H,70-74,1311,1
N8H,75-79,1022,1
N8H,80+,1667,1
N8M,<16,1994.2,8
N8M,16-39,3308.8,8
N8M,40-44,709,8
N8M,45-49,846,8
N8M,50-54,821,8
N8M,55-59,954,8
N8M,60-64,829,8
N8M,65-69,732,8
N8M,70-74,648,8
N8M,75-79,425,8
N8M,80+,528,8
N8N,<16,3902.4,6
N8N,16-39,7014.6,6
N8N,40-44,1505,6
N8N,45-49,1802,6
N8N,50-54,1909,6
N8N,55-59,2044,6
N8N,60-64,2179,6
N8N,65-69,1757,6
N8N,70-74,1534,6
N8N,75-79,1013,6
N8N,80+,1332,6
N8P,<16,2362.6,4
N8P,16-39,3658.4,4
N8P,40-44,860,4
N8P,45-49,1030,4
N8P,50-54,1044,4
N8P,55-59,990,4
N8P,60-64,960,4
N8P,65-69,917,4
N8P,70-74,888,4
N8P,75-79,654,4
N8P,80+,869,4
N8R,<16,2578.4,3
N8R,16-39,4230.6,3
N8R,40-44,933,3
N8R,45-49,922,3
N8R,50-54,842,3
N8R,55-59,877,3
N8R,60-64,862,3
N8R,65-69,848,3
N8R,70-74,709,3
N8R,75-79,435,3
N8R,80+,438,3
N8S,<16,3284.6,5
N8S,16-39,6617.4,5
N8S,40-44,1413,5
N8S,45-49,1418,5
N8S,50-54,1523,5
N8S,55-59,1764,5
N8S,60-64,1835,5
N8S,65-69,1609,5
N8S,70-74,1401,5
N8S,75-79,941,5
N8S,80+,1328,5
N8T,<16,3465.8,4
N8T,16-39,5758.2,4
N8T,40-44,1191,4
N8T,45-49,1182,4
N8T,50-54,1219,4
N8T,55-59,1364,4
N8T,60-64,1276,4
N8T,65-69,1071,4
N8T,70-74,936,4
N8T,75-79,685,4
N8T,80+,951,4
N8W,<16,4187.4,5
N8W,16-39,8196.6,5
N8W,40-44,1636,5
N8W,45-49,1774,5
N8W,50-54,1924,5
N8W,55-59,1945,5
N8W,60-64,1730,5
N8W,65-69,1432,5
N8W,70-74,1001,5
N8W,75-79,685,5
N8W,80+,900,5
N8X,<16,2806.2,5
N8X,16-39,5799.8,5
N8X,40-44,1121,5
N8X,45-49,1136,5
N8X,50-54,1257,5
N8X,55-59,1386,5
N8X,60-64,1149,5
N8X,65-69,873,5
N8X,70-74,658,5
N8X,75-79,454,5
N8X,80+,673,5
N8Y,<16,3487.8,5
N8Y,16-39,6388.2,5
N8Y,40-44,1198,5
N8Y,45-49,1346,5
N8Y,50-54,1385,5
N8Y,55-59,1468,5
N8Y,60-64,1381,5
N8Y,65-69,1162,5
N8Y,70-74,1021,5
N8Y,75-79,680,5
N8Y,80+,1116,5
N9A,<16,4589,3
N9A,16-39,9378,3
N9A,40-44,1719,3
N9A,45-49,1837,3
N9A,50-54,1927,3
N9A,55-59,2041,3
N9A,60-64,1895,3
N9A,65-69,1397,3
N9A,70-74,1196,3
N9A,75-79,887,3
N9A,80+,1491,3
N9B,<16,3752.4,2
N9B,16-39,6888.6,2
N9B,40-44,1155,2
N9B,45-49,1227,2
N9B,50-54,1290,2
N9B,55-59,1243,2
N9B,60-64,941,2
N9B,65-69,737,2
N9B,70-74,630,2
N9B,75-79,399,2
N9B,80+,605,2
N9C,<16,2313.4,2
N9C,16-39,4352.6,2
N9C,40-44,733,2
N9C,45-49,777,2
N9C,50-54,759,2
N9C,55-59,865,2
N9C,60-64,729,2
N9C,65-69,551,2
N9C,70-74,453,2
N9C,75-79,259,2
N9C,80+,420,2
N9E,<16,4099.4,4
N9E,16-39,6789.6,4
N9E,40-44,1341,4
N9E,45-49,1592,4
N9E,50-54,1715,4
N9E,55-59,1731,4
N9E,60-64,1401,4
N9E,65-69,1197,4
N9E,70-74,1003,4
N9E,75-79,727,4
N9E,80+,1311,4
N9G,<16,4178.2,4
N9G,16-39,6620.8,4
N9G,40-44,1383,4
N9G,45-49,1713,4
N9G,50-54,1701,4
N9G,55-59,1556,4
N9G,60-64,1202,4
N9G,65-69,901,4
N9G,70-74,802,4
N9G,75-79,676,4
N9G,80+,1342,4
N9H,<16,2107.6,5
N9H,16-39,3404.4,5
N9H,40-44,668,5
N9H,45-49,822,5
N9H,50-54,864,5
N9H,55-59,984,5
N9H,60-64,921,5
N9H,65-69,754,5
N9H,70-74,637,5
N9H,75-79,503,5
N9H,80+,691,5
N9J,<16,3738.6,7
N9J,16-39,5979.4,7
N9J,40-44,1428,7
N9J,45-49,1706,7
N9J,50-54,1684,7
N9J,55-59,1696,7
N9J,60-64,1369,7
N9J,65-69,1119,7
N9J,70-74,898,7
N9J,75-79,543,7
N9J,80+,594,7
N9K,<16,594.8,4
N9K,16-39,802.2,4
N9K,40-44,234,4
N9K,45-49,270,4
N9K,50-54,245,4
N9K,55-59,216,4
N9K,60-64,156,4
N9K,65-69,125,4
N9K,70-74,102,4
N9K,75-79,63,4
N9K,80+,82,4
N9V,<16,3612.2,7
N9V,16-39,6103.8,7
N9V,40-44,1350,7
N9V,45-49,1481,7
N9V,50-54,1531,7
N9V,55-59,1703,7
N9V,60-64,1706,7
N9V,65-69,1490,7
N9V,70-74,1226,7
N9V,75-79,813,7
N9V,80+,939,7
N9Y,<16,2528,1
N9Y,16-39,4931,1
N9Y,40-44,1119,1
N9Y,45-49,1084,1
N9Y,50-54,1042,1
N9Y,55-59,1172,1
N9Y,60-64,1229,1
N9Y,65-69,1156,1
N9Y,70-74,1070,1
N9Y,75-79,640,1
N9Y,80+,885,1
P0A,<16,2212,10
P0A,16-39,3932,10
P0A,40-44,863,10
P0A,45-49,957,10
P0A,50-54,1119,10
P0A,55-59,1776,10
P0A,60-64,1844,10
P0A,65-69,1729,10
P0A,70-74,1421,10
P0A,75-79,890,10
P0A,80+,911,10
P0B,<16,1290.2,9
P0B,16-39,2464.8,9
P0B,40-44,518,9
P0B,45-49,558,9
P0B,50-54,702,9
P0B,55-59,906,9
P0B,60-64,960,9
P0B,65-69,757,9
P0B,70-74,587,9
P0B,75-79,375,9
P0B,80+,385,9
P0C,<16,537.2,10
P0C,16-39,1021.8,10
P0C,40-44,227,10
P0C,45-49,200,10
P0C,50-54,279,10
P0C,55-59,453,10
P0C,60-64,417,10
P0C,65-69,384,10
P0C,70-74,311,10
P0C,75-79,218,10
P0C,80+,235,10
P0E,<16,384.4,9
P0E,16-39,852.6,9
P0E,40-44,169,9
P0E,45-49,181,9
P0E,50-54,269,9
P0E,55-59,377,9
P0E,60-64,367,9
P0E,65-69,319,9
P0E,70-74,235,9
P0E,75-79,144,9
P0E,80+,141,9
P0G,<16,364.4,9
P0G,16-39,747.6,9
P0G,40-44,140,9
P0G,45-49,199,9
P0G,50-54,233,9
P0G,55-59,412,9
P0G,60-64,375,9
P0G,65-69,351,9
P0G,70-74,279,9
P0G,75-79,181,9
P0G,80+,179,9
P0H,<16,5027.6,10
P0H,16-39,8122.4,10
P0H,40-44,1856,10
P0H,45-49,2082,10
P0H,50-54,2381,10
P0H,55-59,3306,10
P0H,60-64,3140,10
P0H,65-69,2701,10
P0H,70-74,2124,10
P0H,75-79,1275,10
P0H,80+,1516,10
P0J,<16,3577.6,10
P0J,16-39,5709.4,10
P0J,40-44,1201,10
P0J,45-49,1307,10
P0J,50-54,1385,10
P0J,55-59,1734,10
P0J,60-64,1743,10
P0J,65-69,1575,10
P0J,70-74,1394,10
P0J,75-79,834,10
P0J,80+,1194,10
P0K,<16,1648.8,10
P0K,16-39,2853.2,10
P0K,40-44,577,10
P0K,45-49,667,10
P0K,50-54,757,10
P0K,55-59,1068,10
P0K,60-64,1115,10
P0K,65-69,876,10
P0K,70-74,728,10
P0K,75-79,456,10
P0K,80+,523,10
P0L,<16,5576.4,10
P0L,16-39,7590.6,10
P0L,40-44,1436,10
P0L,45-49,1529,10
P0L,50-54,1676,10
P0L,55-59,2035,10
P0L,60-64,1935,10
P0L,65-69,1460,10
P0L,70-74,1162,10
P0L,75-79,763,10
P0L,80+,930,10
P0M,<16,7925.2,10
P0M,16-39,14105.8,10
P0M,40-44,3094,10
P0M,45-49,3312,10
P0M,50-54,3691,10
P0M,55-59,4634,10
P0M,60-64,4420,10
P0M,65-69,3584,10
P0M,70-74,2841,10
P0M,75-79,1830,10
P0M,80+,2068,10
P0N,<16,1734.4,9
P0N,16-39,3014.6,9
P0N,40-44,639,9
P0N,45-49,611,9
P0N,50-54,645,9
P0N,55-59,845,9
P0N,60-64,771,9
P0N,65-69,594,9
P0N,70-74,400,9
P0N,75-79,221,9
P0N,80+,395,9
P0P,<16,3422.8,10
P0P,16-39,5192.2,10
P0P,40-44,1026,10
P0P,45-49,1204,10
P0P,50-54,1473,10
P0P,55-59,1753,10
P0P,60-64,1873,10
P0P,65-69,1673,10
P0P,70-74,1364,10
P0P,75-79,939,10
P0P,80+,938,10
P0R,<16,1728,10
P0R,16-39,2731,10
P0R,40-44,598,10
P0R,45-49,661,10
P0R,50-54,812,10
P0R,55-59,1212,10
P0R,60-64,1395,10
P0R,65-69,1245,10
P0R,70-74,1006,10
P0R,75-79,628,10
P0R,80+,725,10
P0S,<16,1641,10
P0S,16-39,2744,10
P0S,40-44,565,10
P0S,45-49,637,10
P0S,50-54,762,10
P0S,55-59,1007,10
P0S,60-64,1041,10
P0S,65-69,802,10
P0S,70-74,593,10
P0S,75-79,353,10
P0S,80+,365,10
P0T,<16,6062,10
P0T,16-39,9374,10
P0T,40-44,1867,10
P0T,45-49,2036,10
P0T,50-54,2211,10
P0T,55-59,2962,10
P0T,60-64,2961,10
P0T,65-69,2427,10
P0T,70-74,1838,10
P0T,75-79,977,10
P0T,80+,1194,10
P0V,<16,6992.4,10
P0V,16-39,8614.6,10
P0V,40-44,1379,10
P0V,45-49,1346,10
P0V,50-54,1370,10
P0V,55-59,1490,10
P0V,60-64,1198,10
P0V,65-69,867,10
P0V,70-74,643,10
P0V,75-79,399,10
P0V,80+,422,10
P0W,<16,1360.2,9
P0W,16-39,1917.8,9
P0W,40-44,382,9
P0W,45-49,380,9
P0W,50-54,434,9
P0W,55-59,510,9
P0W,60-64,511,9
P0W,65-69,443,9
P0W,70-74,368,9
P0W,75-79,233,9
P0W,80+,300,9
P0X,<16,1644,9
P0X,16-39,2558,9
P0X,40-44,534,9
P0X,45-49,466,9
P0X,50-54,549,9
P0X,55-59,655,9
P0X,60-64,642,9
P0X,65-69,591,9
P0X,70-74,493,9
P0X,75-79,261,9
P0X,80+,258,9
P1A,<16,2956.4,10
P1A,16-39,5185.6,10
P1A,40-44,995,10
P1A,45-49,1035,10
P1A,50-54,1019,10
P1A,55-59,1390,10
P1A,60-64,1278,10
P1A,65-69,1069,10
P1A,70-74,964,10
P1A,75-79,742,10
P1A,80+,968,10
P1B,<16,4805.8,10
P1B,16-39,10866.2,10
P1B,40-44,1920,10
P1B,45-49,2089,10
P1B,50-54,2103,10
P1B,55-59,2715,10
P1B,60-64,2523,10
P1B,65-69,2014,10
P1B,70-74,1729,10
P1B,75-79,1280,10
P1B,80+,2130,10
P1C,<16,685.2,10
P1C,16-39,995.8,10
P1C,40-44,229,10
P1C,45-49,245,10
P1C,50-54,274,10
P1C,55-59,316,10
P1C,60-64,233,10
P1C,65-69,182,10
P1C,70-74,137,10
P1C,75-79,113,10
P1C,80+,89,10
P1H,<16,2460,10
P1H,16-39,4706,10
P1H,40-44,962,10
P1H,45-49,999,10
P1H,50-54,1198,10
P1H,55-59,1625,10
P1H,60-64,1528,10
P1H,65-69,1395,10
P1H,70-74,1097,10
P1H,75-79,796,10
P1H,80+,1217,10
P1L,<16,2512.6,10
P1L,16-39,4793.4,10
P1L,40-44,968,10
P1L,45-49,1001,10
P1L,50-54,1159,10
P1L,55-59,1554,10
P1L,60-64,1544,10
P1L,65-69,1347,10
P1L,70-74,1107,10
P1L,75-79,850,10
P1L,80+,1244,10
P1P,<16,1353.8,10
P1P,16-39,2535.2,10
P1P,40-44,503,10
P1P,45-49,549,10
P1P,50-54,569,10
P1P,55-59,873,10
P1P,60-64,916,10
P1P,65-69,857,10
P1P,70-74,837,10
P1P,75-79,556,10
P1P,80+,813,10
P2A,<16,1946.6,10
P2A,16-39,3754.4,10
P2A,40-44,723,10
P2A,45-49,778,10
P2A,50-54,891,10
P2A,55-59,1296,10
P2A,60-64,1361,10
P2A,65-69,1087,10
P2A,70-74,1032,10
P2A,75-79,696,10
P2A,80+,994,10
P2B,<16,1488,10
P2B,16-39,2481,10
P2B,40-44,587,10
P2B,45-49,620,10
P2B,50-54,675,10
P2B,55-59,864,10
P2B,60-64,879,10
P2B,65-69,699,10
P2B,70-74,615,10
P2B,75-79,524,10
P2B,80+,708,10
P2N,<16,1180,10
P2N,16-39,2169,10
P2N,40-44,404,10
P2N,45-49,391,10
P2N,50-54,474,10
P2N,55-59,593,10
P2N,60-64,592,10
P2N,65-69,492,10
P2N,70-74,394,10
P2N,75-79,249,10
P2N,80+,465,10
P3A,<16,3863.4,10
P3A,16-39,7330.6,10
P3A,40-44,1306,10
P3A,45-49,1425,10
P3A,50-54,1532,10
P3A,55-59,1830,10
P3A,60-64,1757,10
P3A,65-69,1590,10
P3A,70-74,1411,10
P3A,75-79,1110,10
P3A,80+,1805,10
P3B,<16,2582.2,10
P3B,16-39,5462.8,10
P3B,40-44,1001,10
P3B,45-49,1073,10
P3B,50-54,1103,10
P3B,55-59,1202,10
P3B,60-64,1077,10
P3B,65-69,866,10
P3B,70-74,670,10
P3B,75-79,485,10
P3B,80+,754,10
P3C,<16,2379.2,9
P3C,16-39,6113.8,9
P3C,40-44,1126,9
P3C,45-49,1026,9
P3C,50-54,1052,9
P3C,55-59,1370,9
P3C,60-64,1171,9
P3C,65-69,872,9
P3C,70-74,595,9
P3C,75-79,469,9
P3C,80+,763,9
P3E,<16,4175.4,10
P3E,16-39,8408.6,10
P3E,40-44,1687,10
P3E,45-49,1825,10
P3E,50-54,1928,10
P3E,55-59,2298,10
P3E,60-64,2188,10
P3E,65-69,1982,10
P3E,70-74,1638,10
P3E,75-79,1263,10
P3E,80+,1985,10
P3G,<16,655.6,10
P3G,16-39,1105.4,10
P3G,40-44,270,10
P3G,45-49,297,10
P3G,50-54,310,10
P3G,55-59,436,10
P3G,60-64,324,10
P3G,65-69,292,10
P3G,70-74,232,10
P3G,75-79,146,10
P3G,80+,126,10
P3L,<16,1520,10
P3L,16-39,2601,10
P3L,40-44,616,10
P3L,45-49,635,10
P3L,50-54,599,10
P3L,55-59,664,10
P3L,60-64,537,10
P3L,65-69,431,10
P3L,70-74,350,10
P3L,75-79,189,10
P3L,80+,224,10
P3N,<16,1460.8,10
P3N,16-39,2456.2,10
P3N,40-44,543,10
P3N,45-49,588,10
P3N,50-54,569,10
P3N,55-59,673,10
P3N,60-64,558,10
P3N,65-69,463,10
P3N,70-74,369,10
P3N,75-79,306,10
P3N,80+,372,10
P3P,<16,2846.4,10
P3P,16-39,4829.6,10
P3P,40-44,1134,10
P3P,45-49,1187,10
P3P,50-54,1054,10
P3P,55-59,1309,10
P3P,60-64,1043,10
P3P,65-69,810,10
P3P,70-74,699,10
P3P,75-79,413,10
P3P,80+,410,10
P3Y,<16,1426.8,10
P3Y,16-39,2174.2,10
P3Y,40-44,565,10
P3Y,45-49,561,10
P3Y,50-54,537,10
P3Y,55-59,620,10
P3Y,60-64,509,10
P3Y,65-69,476,10
P3Y,70-74,397,10
P3Y,75-79,272,10
P3Y,80+,370,10
P4N,<16,4211.8,10
P4N,16-39,7902.2,10
P4N,40-44,1549,10
P4N,45-49,1644,10
P4N,50-54,1733,10
P4N,55-59,2045,10
P4N,60-64,1900,10
P4N,65-69,1522,10
P4N,70-74,1246,10
P4N,75-79,906,10
P4N,80+,1206,10
P4P,<16,677.4,10
P4P,16-39,1032.6,10
P4P,40-44,243,10
P4P,45-49,240,10
P4P,50-54,255,10
P4P,55-59,266,10
P4P,60-64,243,10
P4P,65-69,168,10
P4P,70-74,111,10
P4P,75-79,51,10
P4P,80+,44,10
P4R,<16,864.4,10
P4R,16-39,1397.6,10
P4R,40-44,315,10
P4R,45-49,360,10
P4R,50-54,390,10
P4R,55-59,371,10
P4R,60-64,354,10
P4R,65-69,197,10
P4R,70-74,155,10
P4R,75-79,87,10
P4R,80+,103,10
P5A,<16,1268.2,10
P5A,16-39,2199.8,10
P5A,40-44,463,10
P5A,45-49,486,10
P5A,50-54,606,10
P5A,55-59,944,10
P5A,60-64,1236,10
P5A,65-69,1217,10
P5A,70-74,1334,10
P5A,75-79,908,10
P5A,80+,1038,10
P5E,<16,781.4,10
P5E,16-39,1415.6,10
P5E,40-44,291,10
P5E,45-49,346,10
P5E,50-54,347,10
P5E,55-59,519,10
P5E,60-64,466,10
P5E,65-69,397,10
P5E,70-74,389,10
P5E,75-79,217,10
P5E,80+,323,10
P5N,<16,1368.4,10
P5N,16-39,2212.6,10
P5N,40-44,422,10
P5N,45-49,494,10
P5N,50-54,540,10
P5N,55-59,715,10
P5N,60-64,760,10
P5N,65-69,605,10
P5N,70-74,505,10
P5N,75-79,310,10
P5N,80+,531,10
P6A,<16,5813.8,10
P6A,16-39,10158.2,10
P6A,40-44,2137,10
P6A,45-49,2123,10
P6A,50-54,2336,10
P6A,55-59,2922,10
P6A,60-64,2916,10
P6A,65-69,2549,10
P6A,70-74,2141,10
P6A,75-79,1405,10
P6A,80+,2076,10
P6B,<16,3409.6,10
P6B,16-39,6227.4,10
P6B,40-44,1231,10
P6B,45-49,1243,10
P6B,50-54,1331,10
P6B,55-59,1749,10
P6B,60-64,1805,10
P6B,65-69,1548,10
P6B,70-74,1426,10
P6B,75-79,1065,10
P6B,80+,2096,10
P6C,<16,2921.4,10
P6C,16-39,5621.6,10
P6C,40-44,1200,10
P6C,45-49,1244,10
P6C,50-54,1300,10
P6C,55-59,1672,10
P6C,60-64,1526,10
P6C,65-69,1255,10
P6C,70-74,1017,10
P6C,75-79,747,10
P6C,80+,944,10
P7A,<16,3966.2,10
P7A,16-39,8698.8,10
P7A,40-44,1704,10
P7A,45-49,1734,10
P7A,50-54,1820,10
P7A,55-59,2331,10
P7A,60-64,2380,10
P7A,65-69,2124,10
P7A,70-74,1656,10
P7A,75-79,1161,10
P7A,80+,1892,10
P7B,<16,3429,9
P7B,16-39,7567,9
P7B,40-44,1245,9
P7B,45-49,1338,9
P7B,50-54,1396,9
P7B,55-59,1615,9
P7B,60-64,1580,9
P7B,65-69,1373,9
P7B,70-74,1246,9
P7B,75-79,892,9
P7B,80+,1433,9
P7C,<16,3553,10
P7C,16-39,7038,10
P7C,40-44,1404,10
P7C,45-49,1362,10
P7C,50-54,1400,10
P7C,55-59,1613,10
P7C,60-64,1632,10
P7C,65-69,1351,10
P7C,70-74,1179,10
P7C,75-79,799,10
P7C,80+,1389,10
P7E,<16,3043.2,10
P7E,16-39,6856.8,10
P7E,40-44,1238,10
P7E,45-49,1305,10
P7E,50-54,1410,10
P7E,55-59,1646,10
P7E,60-64,1695,10
P7E,65-69,1381,10
P7E,70-74,1086,10
P7E,75-79,736,10
P7E,80+,1348,10
P7G,<16,2279,10
P7G,16-39,3644,10
P7G,40-44,816,10
P7G,45-49,936,10
P7G,50-54,1038,10
P7G,55-59,1077,10
P7G,60-64,1018,10
P7G,65-69,863,10
P7G,70-74,644,10
P7G,75-79,349,10
P7G,80+,414,10
P7J,<16,1338.2,9
P7J,16-39,1597.8,9
P7J,40-44,306,9
P7J,45-49,331,9
P7J,50-54,442,9
P7J,55-59,471,9
P7J,60-64,414,9
P7J,65-69,327,9
P7J,70-74,241,9
P7J,75-79,143,9
P7J,80+,96,9
P7K,<16,1050,9
P7K,16-39,1722,9
P7K,40-44,377,9
P7K,45-49,396,9
P7K,50-54,503,9
P7K,55-59,617,9
P7K,60-64,565,9
P7K,65-69,535,9
P7K,70-74,427,9
P7K,75-79,271,9
P7K,80+,290,9
P7L,<16,286.4,9
P7L,16-39,529.6,9
P7L,40-44,123,9
P7L,45-49,117,9
P7L,50-54,151,9
P7L,55-59,205,9
P7L,60-64,214,9
P7L,65-69,205,9
P7L,70-74,138,9
P7L,75-79,42,9
P7L,80+,42,9
P8N,<16,1721.6,10
P8N,16-39,3258.4,10
P8N,40-44,615,10
P8N,45-49,668,10
P8N,50-54,834,10
P8N,55-59,954,10
P8N,60-64,981,10
P8N,65-69,728,10
P8N,70-74,628,10
P8N,75-79,388,10
P8N,80+,581,10
P8T,<16,1655.8,10
P8T,16-39,2171.2,10
P8T,40-44,388,10
P8T,45-49,334,10
P8T,50-54,362,10
P8T,55-59,426,10
P8T,60-64,378,10
P8T,65-69,273,10
P8T,70-74,189,10
P8T,75-79,102,10
P8T,80+,135,10
P9A,<16,2071.2,10
P9A,16-39,3340.8,10
P9A,40-44,658,10
P9A,45-49,718,10
P9A,50-54,717,10
P9A,55-59,853,10
P9A,60-64,885,10
P9A,65-69,707,10
P9A,70-74,544,10
P9A,75-79,375,10
P9A,80+,538,10
P9N,<16,2754.2,10
P9N,16-39,4860.8,10
P9N,40-44,946,10
P9N,45-49,958,10
P9N,50-54,981,10
P9N,55-59,1243,10
P9N,60-64,1177,10
P9N,65-69,991,10
P9N,70-74,801,10
P9N,75-79,469,10
P9N,80+,763,10
